date,equity,drawdown_pct,span_cap
2015-01-01,19594070,0.0,0
2015-01-02,19594070,0.0,0
2015-01-05,19594070,0.0,0
2015-01-06,19594070,0.0,0
2015-01-07,19594070,0.0,0
2015-01-08,19594070,0.0,0
2015-01-09,19594070,0.0,0
2015-01-12,19594070,0.0,0
2015-01-13,19594070,0.0,0
2015-01-14,19594070,0.0,0
2015-01-15,19594070,0.0,0
2015-01-16,19594070,0.0,0
2015-01-19,19594070,0.0,0
2015-01-20,19594070,0.0,0
2015-01-21,19594070,0.0,0
2015-01-22,19594070,0.0,0
2015-01-23,19594070,0.0,0
2015-01-26,19594070,0.0,0
2015-01-27,19594070,0.0,0
2015-01-28,19594070,0.0,0
2015-01-29,19594070,0.0,0
2015-01-30,19594070,0.0,0
2015-02-02,19594070,0.0,0
2015-02-03,19594070,0.0,0
2015-02-04,19594070,0.0,0
2015-02-05,19594070,0.0,0
2015-02-06,19594070,0.0,0
2015-02-09,19594070,0.0,0
2015-02-10,19594070,0.0,0
2015-02-11,19594070,0.0,0
2015-02-12,19594070,0.0,0
2015-02-13,19594070,0.0,0
2015-02-16,19594070,0.0,0
2015-02-17,19594070,0.0,0
2015-02-18,19594070,0.0,0
2015-02-19,19594070,0.0,0
2015-02-20,19594070,0.0,0
2015-02-23,19594070,0.0,0
2015-02-24,19594070,0.0,0
2015-02-25,19594070,0.0,0
2015-02-26,19594070,0.0,0
2015-02-27,19594070,0.0,0
2015-03-02,19594070,0.0,0
2015-03-03,19594070,0.0,0
2015-03-04,19594070,0.0,0
2015-03-05,19594070,0.0,0
2015-03-06,19594070,0.0,0
2015-03-09,19594070,0.0,0
2015-03-10,19594070,0.0,0
2015-03-11,19594070,0.0,0
2015-03-12,19594070,0.0,0
2015-03-13,19594070,0.0,0
2015-03-16,19594070,0.0,0
2015-03-17,19594070,0.0,0
2015-03-18,19594070,0.0,0
2015-03-19,19594070,0.0,0
2015-03-20,19594070,0.0,0
2015-03-23,19594070,0.0,0
2015-03-24,19594070,0.0,0
2015-03-25,19594070,0.0,0
2015-03-26,19594070,0.0,0
2015-03-27,19594070,0.0,0
2015-03-30,19594070,0.0,0
2015-03-31,19594070,0.0,0
2015-04-01,19594070,0.0,0
2015-04-02,19594070,0.0,0
2015-04-03,19594070,0.0,0
2015-04-06,19594070,0.0,0
2015-04-07,19594070,0.0,0
2015-04-08,19594070,0.0,0
2015-04-09,19594070,0.0,0
2015-04-10,19594070,0.0,0
2015-04-13,19594070,0.0,0
2015-04-14,19594070,0.0,0
2015-04-15,19594070,0.0,0
2015-04-16,19594070,0.0,0
2015-04-17,19594070,0.0,0
2015-04-20,19594070,0.0,0
2015-04-21,19594070,0.0,915774
2015-04-22,19723825,0.0,921343
2015-04-23,19723825,0.0,0
2015-04-24,19723825,0.0,0
2015-04-27,19723825,0.0,0
2015-04-28,19723825,0.0,0
2015-04-29,19723825,0.0,880989
2015-04-30,19723825,0.0,870786
2015-05-01,19723825,0.0,0
2015-05-04,19723825,0.0,895971
2015-05-05,19723825,0.0,909364
2015-05-06,19723825,0.0,1638705
2015-05-07,19723825,0.0,1612547
2015-05-08,19733184,0.0,1649345
2015-05-11,19733184,0.0,751653
2015-05-12,19733184,0.0,713006
2015-05-13,19733184,0.0,737101
2015-05-14,19733184,0.0,756131
2015-05-15,19733184,0.0,1651426
2015-05-18,19733184,0.0,1671435
2015-05-19,19733184,0.0,1661712
2015-05-20,19733184,0.0,1678305
2015-05-21,19863200,0.0,1667616
2015-05-22,19863200,0.0,759660
2015-05-25,19863200,0.0,757459
2015-05-26,19863200,0.0,755186
2015-05-27,19863200,0.0,761740
2015-05-28,19863200,0.0,1673029
2015-05-29,19863200,0.0,1677479
2015-06-01,19863200,0.0,1703510
2015-06-02,19863200,0.0,1650849
2015-06-03,19863200,0.0,1598377
2015-06-04,19863200,0.0,1573945
2015-06-05,19863200,0.0,1592348
2015-06-08,19863200,0.0,1577232
2015-06-09,19863200,0.0,1588231
2015-06-10,19920858,0.0,1598251
2015-06-11,20139641,0.0,857050
2015-06-12,20139641,0.0,0
2015-06-15,20139641,0.0,0
2015-06-16,20139641,0.0,0
2015-06-17,20139641,0.0,0
2015-06-18,20139641,0.0,0
2015-06-19,20139641,0.0,0
2015-06-22,20139641,0.0,0
2015-06-23,20139641,0.0,0
2015-06-24,20139641,0.0,0
2015-06-25,20139641,0.0,0
2015-06-26,20139641,0.0,0
2015-06-29,20139641,0.0,0
2015-06-30,20139641,0.0,427314
2015-07-01,20139641,0.0,430757
2015-07-02,20139641,0.0,430728
2015-07-03,20139641,0.0,424445
2015-07-06,20139641,0.0,429877
2015-07-07,20261976,0.0,434251
2015-07-08,20261976,0.0,0
2015-07-09,20261976,0.0,0
2015-07-10,20261976,0.0,480281
2015-07-13,20261976,0.0,491980
2015-07-14,20261976,0.0,1485204
2015-07-15,20261976,0.0,1476483
2015-07-16,20354578,0.0,1483959
2015-07-17,20354578,0.0,488618
2015-07-20,20354578,0.0,491650
2015-07-21,20354578,0.0,908793
2015-07-22,20354578,0.0,911180
2015-07-23,20354578,0.0,1898953
2015-07-24,20354578,0.0,1880691
2015-07-27,20354578,0.0,1847560
2015-07-28,20354578,0.0,1850397
2015-07-29,20354578,0.0,1826984
2015-07-30,20483677,0.0,1834687
2015-07-31,20483677,0.0,1317411
2015-08-03,20483677,0.0,1311162
2015-08-04,20483677,0.0,1330187
2015-08-05,20483677,0.0,1339674
2015-08-06,20483677,0.0,2374918
2015-08-07,20483677,0.0,2375537
2015-08-10,20483677,0.0,2355929
2015-08-11,20483677,0.0,2323305
2015-08-12,20483677,0.0,2275777
2015-08-13,20483677,0.0,2277034
2015-08-14,20483677,0.0,2331444
2015-08-17,20566992,0.0,2350676
2015-08-18,20566992,0.0,2019088
2015-08-19,20566992,0.0,2007486
2015-08-20,20566992,0.0,1992742
2015-08-21,20566992,0.0,1974954
2015-08-24,20547462,-0.095,2369232
2015-08-25,20731740,0.0,1461344
2015-08-26,20731740,0.0,0
2015-08-27,20731740,0.0,0
2015-08-28,20731740,0.0,0
2015-08-31,20731740,0.0,365025
2015-09-01,20731740,0.0,914803
2015-09-02,20731740,0.0,1824429
2015-09-03,20731740,0.0,1878836
2015-09-04,20582661,-0.7191,1838931
2015-09-07,20582661,-0.7191,1269283
2015-09-08,20582661,-0.7191,1258513
2015-09-09,20582661,-0.7191,1268106
2015-09-10,20582661,-0.7191,1273331
2015-09-11,20582661,-0.7191,1883130
2015-09-14,20582661,-0.7191,1915469
2015-09-15,20582661,-0.7191,1917375
2015-09-16,20749156,0.0,1919370
2015-09-17,20749156,0.0,0
2015-09-18,20749156,0.0,1529580
2015-09-21,20749156,0.0,1549402
2015-09-22,20749156,0.0,1528955
2015-09-23,20749156,0.0,1534332
2015-09-24,20749156,0.0,1542265
2015-09-25,20749156,0.0,0
2015-09-28,20749156,0.0,1545034
2015-09-29,20749156,0.0,1550312
2015-09-30,20749156,0.0,2019864
2015-10-01,20749156,0.0,2011094
2015-10-02,20749156,0.0,0
2015-10-05,20749156,0.0,2032301
2015-10-06,20862357,0.0,2048524
2015-10-07,20862357,0.0,447063
2015-10-08,20862357,0.0,443645
2015-10-09,20862357,0.0,446395
2015-10-12,20862357,0.0,446293
2015-10-13,20862357,0.0,443292
2015-10-14,20862357,0.0,443676
2015-10-15,20862357,0.0,564516
2015-10-16,20862357,0.0,570145
2015-10-19,20862357,0.0,570692
2015-10-20,20862357,0.0,570280
2015-10-21,20862357,0.0,571968
2015-10-22,20862357,0.0,0
2015-10-23,20862357,0.0,578590
2015-10-26,20862357,0.0,576164
2015-10-27,20862357,0.0,1002756
2015-10-28,20862357,0.0,1000347
2015-10-29,20862357,0.0,993040
2015-10-30,20862357,0.0,1007291
2015-11-02,20862357,0.0,1476192
2015-11-03,21055316,0.0,1469523
2015-11-04,21055316,0.0,1006040
2015-11-05,21055316,0.0,992326
2015-11-06,21055316,0.0,977556
2015-11-09,21055316,0.0,962274
2015-11-10,21055316,0.0,953410
2015-11-11,21055316,0.0,0
2015-11-12,21055316,0.0,0
2015-11-13,21127360,0.0,955314
2015-11-16,21127360,0.0,502646
2015-11-17,21127360,0.0,506081
2015-11-18,21127360,0.0,508199
2015-11-19,21127360,0.0,517781
2015-11-20,21127360,0.0,523577
2015-11-23,21127360,0.0,967368
2015-11-24,21127360,0.0,955083
2015-11-25,21127360,0.0,0
2015-11-26,21127360,0.0,952675
2015-11-27,21127360,0.0,961315
2015-11-30,21127360,0.0,963597
2015-12-01,21127360,0.0,952415
2015-12-02,21127360,0.0,950301
2015-12-03,21127360,0.0,949087
2015-12-04,21127360,0.0,943771
2015-12-07,21127360,0.0,939549
2015-12-08,21127360,0.0,931011
2015-12-09,21206207,0.0,913139
2015-12-10,21206207,0.0,511309
2015-12-11,21206207,0.0,500901
2015-12-14,21206207,0.0,1405479
2015-12-15,21206207,0.0,1440652
2015-12-16,21206207,0.0,1437938
2015-12-17,21206207,0.0,1461342
2015-12-18,21206207,0.0,1450724
2015-12-21,21206207,0.0,1456409
2015-12-22,21206207,0.0,1456290
2015-12-23,21206207,0.0,1468079
2015-12-24,21206207,0.0,1460625
2015-12-25,21206207,0.0,0
2015-12-28,21048977,-0.7414,1471954
2015-12-29,21048977,-0.7414,1061270
2015-12-30,21048977,-0.7414,1054093
2015-12-31,21048977,-0.7414,1061893
2016-01-01,21048977,-0.7414,1057762
2016-01-04,21048977,-0.7414,1057215
2016-01-05,21048977,-0.7414,1050097
2016-01-06,21048977,-0.7414,1048727
2016-01-07,21048977,-0.7414,1020692
2016-01-08,21166050,-0.1894,1021024
2016-01-11,21166050,-0.1894,116471
2016-01-12,21166050,-0.1894,115247
2016-01-13,21166050,-0.1894,115713
2016-01-14,21166050,-0.1894,118258
2016-01-15,21166050,-0.1894,118149
2016-01-18,21166050,-0.1894,500215
2016-01-19,21166050,-0.1894,510263
2016-01-20,21166050,-0.1894,501453
2016-01-21,21166050,-0.1894,501791
2016-01-22,21273355,0.0,892906
2016-01-25,21273355,0.0,495851
2016-01-26,21273355,0.0,0
2016-01-27,21273355,0.0,500178
2016-01-28,21273355,0.0,519114
2016-01-29,21273355,0.0,1107369
2016-02-01,21273355,0.0,1107398
2016-02-02,21273355,0.0,1378864
2016-02-03,21273355,0.0,2196847
2016-02-04,21391017,0.0,2327123
2016-02-05,21391017,0.0,2234113
2016-02-08,21391017,0.0,2228901
2016-02-09,21368213,-0.1066,2195840
2016-02-10,21368213,-0.1066,1787369
2016-02-11,21350122,-0.1912,2163184
2016-02-12,21350122,-0.1912,1323540
2016-02-15,21350122,-0.1912,1360562
2016-02-16,21350122,-0.1912,1615908
2016-02-17,21350122,-0.1912,1619125
2016-02-18,21350122,-0.1912,1626385
2016-02-19,21350122,-0.1912,1628631
2016-02-22,21350122,-0.1912,2508637
2016-02-23,21350122,-0.1912,2459973
2016-02-24,21350122,-0.1912,2539347
2016-02-25,21350122,-0.1912,2524011
2016-02-26,21350122,-0.1912,2547459
2016-02-29,21395476,0.0,2540767
2016-03-01,21395476,0.0,2214571
2016-03-02,21395476,0.0,2259036
2016-03-03,21395476,0.0,2275436
2016-03-04,21470642,0.0,2284825
2016-03-07,21470642,0.0,0
2016-03-08,21557499,0.0,2164908
2016-03-09,21557499,0.0,1316686
2016-03-10,21557499,0.0,1311266
2016-03-11,21588475,0.0,1309310
2016-03-14,21588475,0.0,883777
2016-03-15,21588475,0.0,870761
2016-03-16,21588475,0.0,858645
2016-03-17,21588475,0.0,857273
2016-03-18,21790438,0.0,874074
2016-03-21,21790438,0.0,1343216
2016-03-22,21790438,0.0,1335154
2016-03-23,21790438,0.0,1338815
2016-03-24,21790438,0.0,0
2016-03-25,21790438,0.0,0
2016-03-28,21790438,0.0,1321988
2016-03-29,21790438,0.0,1328980
2016-03-30,21790438,0.0,1901666
2016-03-31,21733560,-0.261,1933206
2016-04-01,21733560,-0.261,1358220
2016-04-04,21733560,-0.261,1362640
2016-04-05,21733560,-0.261,1335343
2016-04-06,21733560,-0.261,1349666
2016-04-07,21733560,-0.261,1899687
2016-04-08,21733560,-0.261,1913931
2016-04-11,21625435,-0.7572,1947433
2016-04-12,21625435,-0.7572,1391369
2016-04-13,21625435,-0.7572,1542847
2016-04-14,21625435,-0.7572,0
2016-04-15,21625435,-0.7572,0
2016-04-18,21625435,-0.7572,2005881
2016-04-19,21625435,-0.7572,0
2016-04-20,21625435,-0.7572,1998628
2016-04-21,21625435,-0.7572,1985825
2016-04-22,21783640,-0.0312,3026744
2016-04-25,21783640,-0.0312,2103551
2016-04-26,21675647,-0.5268,2135847
2016-04-27,21675647,-0.5268,1538843
2016-04-28,21675647,-0.5268,1524740
2016-04-29,21675647,-0.5268,2468529
2016-05-02,21675647,-0.5268,2498774
2016-05-03,21675647,-0.5268,2469969
2016-05-04,21675647,-0.5268,2451736
2016-05-05,21763953,-0.1215,2452448
2016-05-06,21763953,-0.1215,2042583
2016-05-09,21763953,-0.1215,2051848
2016-05-10,21763953,-0.1215,2062347
2016-05-11,21840682,0.0,2067866
2016-05-12,21840682,0.0,1569320
2016-05-13,21908329,0.0,1533207
2016-05-16,21908329,0.0,1413449
2016-05-17,21908329,0.0,1391149
2016-05-18,21834811,-0.3356,1402592
2016-05-19,21834811,-0.3356,1406321
2016-05-20,21834811,-0.3356,1508934
2016-05-23,21834811,-0.3356,1530030
2016-05-24,21834811,-0.3356,1525085
2016-05-25,21834811,-0.3356,1878894
2016-05-26,21463582,-2.03,1910998
2016-05-27,21463582,-2.03,614316
2016-05-30,21463582,-2.03,616850
2016-05-31,21463582,-2.03,617915
2016-06-01,21513888,-1.8004,616224
2016-06-02,21513888,-1.8004,454373
2016-06-03,21513888,-1.8004,454134
2016-06-06,21513888,-1.8004,449006
2016-06-07,21513888,-1.8004,1469855
2016-06-08,21513888,-1.8004,1922813
2016-06-09,21513888,-1.8004,1914552
2016-06-10,21513888,-1.8004,1909402
2016-06-13,21594013,-1.4347,1909685
2016-06-14,21674365,-1.0679,1343495
2016-06-15,21674365,-1.0679,336017
2016-06-16,21674365,-1.0679,330870
2016-06-17,21674365,-1.0679,462497
2016-06-20,21674365,-1.0679,926611
2016-06-21,21674365,-1.0679,920819
2016-06-22,21674365,-1.0679,912624
2016-06-23,21674365,-1.0679,912017
2016-06-24,21674365,-1.0679,881026
2016-06-27,21674365,-1.0679,988293
2016-06-28,21671131,-1.0827,2015311
2016-06-29,21671131,-1.0827,1893898
2016-06-30,21818242,-0.4112,1916603
2016-07-01,21818242,-0.4112,1615204
2016-07-04,21922904,0.0,1617620
2016-07-05,21922904,0.0,1025811
2016-07-06,21922904,0.0,0
2016-07-07,21922904,0.0,1169352
2016-07-08,21922904,0.0,1166442
2016-07-11,21922904,0.0,1178644
2016-07-12,21922720,-0.0008,1176851
2016-07-13,21922720,-0.0008,1545649
2016-07-14,21922720,-0.0008,1525354
2016-07-15,21922720,-0.0008,1652120
2016-07-18,21922720,-0.0008,1644528
2016-07-19,21922720,-0.0008,1754227
2016-07-20,21917099,-0.0265,1751629
2016-07-21,22030566,0.0,2149094
2016-07-22,22030566,0.0,1542569
2016-07-25,22030566,0.0,1547008
2016-07-26,22030566,0.0,2011180
2016-07-27,22030566,0.0,2151292
2016-07-28,22019917,-0.0483,2170350
2016-07-29,21712429,-1.4441,2548402
2016-08-01,21712429,-1.4441,2009218
2016-08-02,21712429,-1.4441,2313433
2016-08-03,21748022,-1.2825,2297168
2016-08-04,21748022,-1.2825,1958243
2016-08-05,21748022,-1.2825,2491848
2016-08-08,21748022,-1.2825,2494717
2016-08-09,21748022,-1.2825,2476940
2016-08-10,21748022,-1.2825,2450793
2016-08-11,21748022,-1.2825,2961236
2016-08-12,21748022,-1.2825,2956007
2016-08-15,21748022,-1.2825,0
2016-08-16,21777550,-1.1485,3634127
2016-08-17,21889939,-0.6383,3281813
2016-08-18,21975818,-0.2485,2797920
2016-08-19,21975818,-0.2485,2497900
2016-08-22,21975818,-0.2485,2486118
2016-08-23,21975818,-0.2485,2469477
2016-08-24,21975818,-0.2485,2489701
2016-08-25,21980890,-0.2255,2480171
2016-08-26,21980890,-0.2255,2342718
2016-08-29,21980890,-0.2255,2344329
2016-08-30,21980890,-0.2255,2390785
2016-08-31,21980890,-0.2255,2388246
2016-09-01,21980890,-0.2255,2393933
2016-09-02,21989316,-0.1872,2407997
2016-09-05,21989316,-0.1872,0
2016-09-06,21989316,-0.1872,2257874
2016-09-07,21989316,-0.1872,2248918
2016-09-08,21989316,-0.1872,2885034
2016-09-09,22050297,0.0,2860225
2016-09-12,21649977,-1.8155,2331173
2016-09-13,21649977,-1.8155,0
2016-09-14,21649977,-1.8155,1343880
2016-09-15,21649977,-1.8155,1334332
2016-09-16,21649977,-1.8155,1354240
2016-09-19,21649977,-1.8155,1365436
2016-09-20,21649977,-1.8155,1835398
2016-09-21,21649977,-1.8155,1862414
2016-09-22,21649977,-1.8155,1870320
2016-09-23,21649977,-1.8155,1880235
2016-09-26,21649977,-1.8155,2827560
2016-09-27,21647411,-1.8271,2826013
2016-09-28,21275151,-3.5154,2161626
2016-09-29,21275151,-3.5154,1801248
2016-09-30,21275151,-3.5154,1798938
2016-10-03,21275151,-3.5154,1993552
2016-10-04,21394408,-2.9745,2012833
2016-10-05,21394408,-2.9745,1534006
2016-10-06,21394408,-2.9745,1540374
2016-10-07,21394408,-2.9745,1528296
2016-10-10,21394408,-2.9745,1534702
2016-10-11,21394408,-2.9745,0
2016-10-12,21394408,-2.9745,0
2016-10-13,21394408,-2.9745,2041503
2016-10-14,21394408,-2.9745,2024232
2016-10-17,21394408,-2.9745,2008031
2016-10-18,21394408,-2.9745,2027963
2016-10-19,21394408,-2.9745,2035106
2016-10-20,21394408,-2.9745,2040281
2016-10-21,21394408,-2.9745,2061211
2016-10-24,21413720,-2.8869,2061039
2016-10-25,21413720,-2.8869,1935833
2016-10-26,21059523,-4.4932,2500073
2016-10-27,21059523,-4.4932,1502345
2016-10-28,21059523,-4.4932,2342318
2016-10-31,21059523,-4.4932,0
2016-11-01,21039067,-4.586,2344822
2016-11-02,21039067,-4.586,2156627
2016-11-03,21039067,-4.586,2155544
2016-11-04,20972252,-4.889,2112905
2016-11-07,21039163,-4.5856,1502627
2016-11-08,21039163,-4.5856,1226712
2016-11-09,21163777,-4.0204,1433880
2016-11-10,21151851,-4.0745,962382
2016-11-11,21151851,-4.0745,1401040
2016-11-14,21151851,-4.0745,0
2016-11-15,21215107,-3.7877,1351765
2016-11-16,21215107,-3.7877,249793
2016-11-17,21361762,-3.1226,243783
2016-11-18,21361762,-3.1226,246081
2016-11-21,21362123,-3.1209,240130
2016-11-22,21362123,-3.1209,557705
2016-11-23,21362123,-3.1209,553935
2016-11-24,21362123,-3.1209,545877
2016-11-25,21362123,-3.1209,559212
2016-11-28,21515958,-2.4233,565225
2016-11-29,21515958,-2.4233,111702
2016-11-30,21515958,-2.4233,112291
2016-12-01,21515958,-2.4233,111956
2016-12-02,21515958,-2.4233,110259
2016-12-05,21515958,-2.4233,109149
2016-12-06,21515958,-2.4233,109307
2016-12-07,21515958,-2.4233,577110
2016-12-08,21515958,-2.4233,581180
2016-12-09,21515958,-2.4233,582230
2016-12-12,21515958,-2.4233,734320
2016-12-13,21515958,-2.4233,722353
2016-12-14,21515958,-2.4233,715533
2016-12-15,21515958,-2.4233,729177
2016-12-16,21515958,-2.4233,751806
2016-12-19,21515958,-2.4233,721399
2016-12-20,21526819,-2.374,715493
2016-12-21,21526819,-2.374,592145
2016-12-22,21526819,-2.374,593025
2016-12-23,21526819,-2.374,590271
2016-12-26,21526819,-2.374,577685
2016-12-27,21597965,-2.0514,580857
2016-12-28,21597965,-2.0514,133000
2016-12-29,21597965,-2.0514,135925
2016-12-30,21597965,-2.0514,137134
2017-01-02,21597965,-2.0514,140446
2017-01-03,21597965,-2.0514,143287
2017-01-04,21597965,-2.0514,140892
2017-01-05,21597965,-2.0514,144287
2017-01-06,21597965,-2.0514,141814
2017-01-09,21597965,-2.0514,142224
2017-01-10,21597965,-2.0514,144039
2017-01-11,21597965,-2.0514,144072
2017-01-12,21597965,-2.0514,143778
2017-01-13,21597965,-2.0514,144339
2017-01-16,21597965,-2.0514,145191
2017-01-17,21597965,-2.0514,145202
2017-01-18,21597965,-2.0514,1103424
2017-01-19,21597965,-2.0514,1100820
2017-01-20,21597965,-2.0514,1094827
2017-01-23,21597965,-2.0514,1099001
2017-01-24,21597965,-2.0514,2253307
2017-01-25,21597965,-2.0514,2404944
2017-01-26,21597965,-2.0514,0
2017-01-27,21597965,-2.0514,2400039
2017-01-30,21636135,-1.8783,2402801
2017-01-31,21636135,-1.8783,2221769
2017-02-01,21636135,-1.8783,2230277
2017-02-02,21661447,-1.7635,2221450
2017-02-03,21661447,-1.7635,2104301
2017-02-06,21661447,-1.7635,2634321
2017-02-07,21661447,-1.7635,2611757
2017-02-08,21661447,-1.7635,2613147
2017-02-09,21805147,-1.1118,2617225
2017-02-10,21805147,-1.1118,2416951
2017-02-13,21805147,-1.1118,2444488
2017-02-14,21805147,-1.1118,2438963
2017-02-15,21805147,-1.1118,2409466
2017-02-16,21805147,-1.1118,2431580
2017-02-17,21805147,-1.1118,2443035
2017-02-20,21757892,-1.3261,2459820
2017-02-21,21757892,-1.3261,1927931
2017-02-22,21757892,-1.3261,1919320
2017-02-23,21757892,-1.3261,2086772
2017-02-24,21757892,-1.3261,0
2017-02-27,21753645,-1.3453,2100241
2017-02-28,21753645,-1.3453,2002703
2017-03-01,21753645,-1.3453,2164237
2017-03-02,21753645,-1.3453,2160919
2017-03-03,21753645,-1.3453,2158964
2017-03-06,21753645,-1.3453,2162506
2017-03-07,21753645,-1.3453,2717119
2017-03-08,21753645,-1.3453,2826674
2017-03-09,21753645,-1.3453,2832659
2017-03-10,21833104,-0.985,2839537
2017-03-13,21833104,-0.985,0
2017-03-14,21833104,-0.985,2578169
2017-03-15,21833104,-0.985,2588108
2017-03-16,21833104,-0.985,2620416
2017-03-17,21833104,-0.985,2630220
2017-03-20,21822282,-1.0341,3317680
2017-03-21,21822282,-1.0341,2721233
2017-03-22,21917005,-0.6045,2713500
2017-03-23,21937264,-0.5126,2126035
2017-03-24,21937264,-0.5126,2004053
2017-03-27,21937264,-0.5126,1987765
2017-03-28,21937264,-0.5126,2001469
2017-03-29,21937264,-0.5126,2011348
2017-03-30,21937264,-0.5126,2016274
2017-03-31,21937264,-0.5126,2027453
2017-04-03,21937264,-0.5126,2040582
2017-04-04,21937264,-0.5126,0
2017-04-05,21937264,-0.5126,2057768
2017-04-06,22039790,-0.0476,2059832
2017-04-07,22039790,-0.0476,1352383
2017-04-10,22039790,-0.0476,1486462
2017-04-11,22039790,-0.0476,1494504
2017-04-12,22039790,-0.0476,1496566
2017-04-13,22039790,-0.0476,1769140
2017-04-14,22039790,-0.0476,0
2017-04-17,22119876,0.0,1767840
2017-04-18,22119876,0.0,750595
2017-04-19,22119876,0.0,748651
2017-04-20,22119876,0.0,2056333
2017-04-21,22119876,0.0,2053016
2017-04-24,22119876,0.0,2083940
2017-04-25,22151820,0.0,2105481
2017-04-26,22151820,0.0,1919131
2017-04-27,22151820,0.0,2932740
2017-04-28,22151820,0.0,2913377
2017-05-01,22151820,0.0,0
2017-05-02,22151820,0.0,2894491
2017-05-03,22151820,0.0,2887399
2017-05-04,22151820,0.0,2892822
2017-05-05,22151820,0.0,2880764
2017-05-08,22307340,0.0,2907938
2017-05-09,22288039,-0.0865,2240068
2017-05-10,22220405,-0.3897,2084380
2017-05-11,22220405,-0.3897,1786204
2017-05-12,22220405,-0.3897,1776715
2017-05-15,22220405,-0.3897,2426175
2017-05-16,22220405,-0.3897,2429584
2017-05-17,22317026,0.0,2435027
2017-05-18,22394154,0.0,1751233
2017-05-19,22394154,0.0,1122582
2017-05-22,22394154,0.0,1131329
2017-05-23,22394154,0.0,1126052
2017-05-24,22394154,0.0,1121101
2017-05-25,22394154,0.0,1127021
2017-05-26,22394154,0.0,1127121
2017-05-29,22394154,0.0,1412362
2017-05-30,22394154,0.0,2056703
2017-05-31,22394154,0.0,2063966
2017-06-01,22443039,0.0,2096228
2017-06-02,22619251,0.0,1846427
2017-06-05,22619251,0.0,1184460
2017-06-06,22619251,0.0,1178836
2017-06-07,22619251,0.0,1926345
2017-06-08,22619251,0.0,1916734
2017-06-09,22619251,0.0,2559488
2017-06-12,22695950,0.0,2562443
2017-06-13,22695950,0.0,1832265
2017-06-14,22695950,0.0,3159076
2017-06-15,22695950,0.0,3379893
2017-06-16,22695950,0.0,3385256
2017-06-19,22695950,0.0,3581120
2017-06-20,22881920,0.0,3587758
2017-06-21,22881920,0.0,3642338
2017-06-22,22881920,0.0,3630569
2017-06-23,22889081,0.0,3588734
2017-06-26,22889081,0.0,0
2017-06-27,22889081,0.0,3426158
2017-06-28,22889081,0.0,3438220
2017-06-29,22889081,0.0,3430443
2017-06-30,22889081,0.0,3440084
2017-07-03,22889081,0.0,3491615
2017-07-04,22889081,0.0,3486494
2017-07-05,22889081,0.0,3496537
2017-07-06,22889081,0.0,3505529
2017-07-07,22939897,0.0,3533691
2017-07-10,22939897,0.0,2883898
2017-07-11,22939897,0.0,2891588
2017-07-12,22939897,0.0,2906561
2017-07-13,22939897,0.0,2913530
2017-07-14,22939897,0.0,2917437
2017-07-17,22939897,0.0,2925182
2017-07-18,22939897,0.0,2927098
2017-07-19,23123844,0.0,2967215
2017-07-20,23123844,0.0,1527825
2017-07-21,23123844,0.0,1544967
2017-07-24,23214365,0.0,1551027
2017-07-25,22933641,-1.2093,1305911
2017-07-26,22933641,-1.2093,870035
2017-07-27,22933641,-1.2093,878414
2017-07-28,22933641,-1.2093,881154
2017-07-31,22933641,-1.2093,882998
2017-08-01,22933641,-1.2093,1680863
2017-08-02,22933641,-1.2093,1671234
2017-08-03,22933641,-1.2093,1652913
2017-08-04,22933641,-1.2093,1677311
2017-08-07,22933641,-1.2093,1686381
2017-08-08,22933641,-1.2093,2347398
2017-08-09,22933641,-1.2093,2582052
2017-08-10,22933641,-1.2093,3169756
2017-08-11,22933641,-1.2093,3141781
2017-08-14,23187022,-0.1178,3196388
2017-08-15,23187022,-0.1178,0
2017-08-16,23275086,0.0,2578328
2017-08-17,23275086,0.0,2294023
2017-08-18,23275086,0.0,2421878
2017-08-21,23254122,-0.0901,3561945
2017-08-22,23273655,-0.0061,3433963
2017-08-23,23273655,-0.0061,2774023
2017-08-24,23366703,0.0,2774946
2017-08-25,23366703,0.0,0
2017-08-28,23366703,0.0,2034770
2017-08-29,23366703,0.0,2013422
2017-08-30,23366703,0.0,2039395
2017-08-31,23317198,-0.2119,2054504
2017-09-01,23317198,-0.2119,1879579
2017-09-04,23317198,-0.2119,1857569
2017-09-05,23317198,-0.2119,2579478
2017-09-06,23322496,-0.1892,2574585
2017-09-07,23267695,-0.4237,1885423
2017-09-08,23267695,-0.4237,1159469
2017-09-11,23267695,-0.4237,1170128
2017-09-12,23267695,-0.4237,1467825
2017-09-13,23267695,-0.4237,2202113
2017-09-14,23267695,-0.4237,2207270
2017-09-15,23267695,-0.4237,2207843
2017-09-18,23267695,-0.4237,2923014
2017-09-19,23267695,-0.4237,2955815
2017-09-20,23267695,-0.4237,2944305
2017-09-21,23283941,-0.3542,2912502
2017-09-22,23283941,-0.3542,1849737
2017-09-25,23283941,-0.3542,1879392
2017-09-26,23283941,-0.3542,2659368
2017-09-27,23283941,-0.3542,2629665
2017-09-28,23346844,-0.085,3607281
2017-09-29,23346844,-0.085,2494626
2017-10-02,23346844,-0.085,0
2017-10-03,23346844,-0.085,2496588
2017-10-04,23346844,-0.085,2501835
2017-10-05,23346844,-0.085,2492665
2017-10-06,23364287,-0.0103,2527074
2017-10-09,23364287,-0.0103,2776991
2017-10-10,23364287,-0.0103,2778802
2017-10-11,23364287,-0.0103,2750521
2017-10-12,23364287,-0.0103,2794627
2017-10-13,23364287,-0.0103,2836814
2017-10-16,22947332,-1.7947,2881264
2017-10-17,22947332,-1.7947,2104727
2017-10-18,22947332,-1.7947,2095012
2017-10-19,22947332,-1.7947,2082109
2017-10-20,22947332,-1.7947,0
2017-10-23,23001354,-1.5635,2077504
2017-10-24,23001354,-1.5635,2095439
2017-10-25,23001354,-1.5635,2092176
2017-10-26,23001354,-1.5635,2105160
2017-10-27,23001354,-1.5635,2105099
2017-10-30,23001354,-1.5635,2132750
2017-10-31,23001354,-1.5635,3497919
2017-11-01,23001354,-1.5635,3534638
2017-11-02,23001354,-1.5635,3512275
2017-11-03,23001354,-1.5635,3516409
2017-11-06,23001354,-1.5635,3524653
2017-11-07,23001354,-1.5635,3523777
2017-11-08,23001354,-1.5635,3522169
2017-11-09,23065490,-1.2891,3547733
2017-11-10,23066125,-1.2864,3335032
2017-11-13,23066125,-1.2864,2041971
2017-11-14,23066125,-1.2864,2018366
2017-11-15,23066125,-1.2864,2031804
2017-11-16,23066125,-1.2864,2044380
2017-11-17,23066125,-1.2864,2816160
2017-11-20,22967817,-1.7071,2840172
2017-11-21,22967817,-1.7071,2079035
2017-11-22,22967817,-1.7071,2102923
2017-11-23,22967817,-1.7071,2338254
2017-11-24,22967817,-1.7071,2321974
2017-11-27,23045517,-1.3745,3123939
2017-11-28,22971335,-1.692,2306357
2017-11-29,22971335,-1.692,1486715
2017-11-30,22971335,-1.692,2189242
2017-12-01,22960817,-1.737,2167276
2017-12-04,22960817,-1.737,1838626
2017-12-05,22960817,-1.737,1834073
2017-12-06,22960817,-1.737,1811832
2017-12-07,22989736,-1.6133,1833220
2017-12-08,22989736,-1.6133,3031939
2017-12-11,22989736,-1.6133,3037447
2017-12-12,22989736,-1.6133,3011508
2017-12-13,22989736,-1.6133,3006361
2017-12-14,22989736,-1.6133,3359889
2017-12-15,22989736,-1.6133,3382146
2017-12-18,22989736,-1.6133,3404511
2017-12-19,22989736,-1.6133,3446728
2017-12-20,22989736,-1.6133,3434243
2017-12-21,23096349,-1.157,3430126
2017-12-22,23096349,-1.157,3108373
2017-12-25,23096349,-1.157,0
2017-12-26,23096349,-1.157,3105341
2017-12-27,23096349,-1.157,3100650
2017-12-28,23096349,-1.157,3074564
2017-12-29,23096349,-1.157,3106237
2018-01-01,23096349,-1.157,3076704
2018-01-02,23096349,-1.157,3056913
2018-01-03,23096349,-1.157,3069011
2018-01-04,23096349,-1.157,3067568
2018-01-05,23096349,-1.157,3095718
2018-01-08,23173292,-0.8277,3118652
2018-01-09,23173292,-0.8277,2863632
2018-01-10,22566798,-3.4233,3717315
2018-01-11,22566798,-3.4233,2983250
2018-01-12,22566798,-3.4233,2954700
2018-01-15,22604955,-3.26,2958239
2018-01-16,22604955,-3.26,1600463
2018-01-17,22604955,-3.26,1585390
2018-01-18,22604955,-3.26,1579706
2018-01-19,22604955,-3.26,1588334
2018-01-22,22604955,-3.26,1744185
2018-01-23,22604955,-3.26,1757450
2018-01-24,22604955,-3.26,1791059
2018-01-25,22604955,-3.26,2434363
2018-01-26,22604955,-3.26,0
2018-01-29,22659373,-3.0271,2439883
2018-01-30,22659373,-3.0271,3349667
2018-01-31,22659373,-3.0271,3346095
2018-02-01,22659373,-3.0271,3333487
2018-02-02,22659373,-3.0271,3247771
2018-02-05,22843908,-2.2374,3619886
2018-02-06,22843908,-2.2374,2800994
2018-02-07,23006090,-1.5433,2793190
2018-02-08,23025738,-1.4592,1660204
2018-02-09,23025738,-1.4592,1521378
2018-02-12,23106390,-1.114,1536062
2018-02-13,23106390,-1.114,0
2018-02-14,23106390,-1.114,1297129
2018-02-15,23106390,-1.114,1298024
2018-02-16,23106390,-1.114,1302673
2018-02-19,23106390,-1.114,1288646
2018-02-20,23106390,-1.114,1290041
2018-02-21,23106390,-1.114,1275695
2018-02-22,23106390,-1.114,1257496
2018-02-23,23106390,-1.114,1688899
2018-02-26,23106390,-1.114,2560534
2018-02-27,23106390,-1.114,2528691
2018-02-28,23106390,-1.114,2502250
2018-03-01,23167157,-0.854,2496014
2018-03-02,23167157,-0.854,0
2018-03-05,22926414,-1.8843,2033496
2018-03-06,23426234,0.0,782142
2018-03-07,23426234,0.0,0
2018-03-08,23426234,0.0,714276
2018-03-09,23426234,0.0,712266
2018-03-12,23426234,0.0,712070
2018-03-13,23426234,0.0,1728187
2018-03-14,23426234,0.0,1704590
2018-03-15,23426234,0.0,2148376
2018-03-16,23477455,0.0,2101956
2018-03-19,23958853,0.0,1616772
2018-03-20,23958853,0.0,141506
2018-03-21,23958853,0.0,141444
2018-03-22,23958853,0.0,140414
2018-03-23,23958853,0.0,140394
2018-03-26,23958853,0.0,1370499
2018-03-27,23958853,0.0,1395445
2018-03-28,23958853,0.0,1840222
2018-03-29,23958853,0.0,0
2018-03-30,23958853,0.0,0
2018-04-02,23979318,0.0,2270062
2018-04-03,24072856,0.0,2129023
2018-04-04,24072856,0.0,1698026
2018-04-05,24072856,0.0,1714298
2018-04-06,24072856,0.0,1727024
2018-04-09,24072856,0.0,1730016
2018-04-10,24072856,0.0,1721727
2018-04-11,24072856,0.0,1983105
2018-04-12,24072856,0.0,1985872
2018-04-13,24072856,0.0,2436648
2018-04-16,24072856,0.0,2591284
2018-04-17,24167888,0.0,2599102
2018-04-18,24167888,0.0,1251798
2018-04-19,24167888,0.0,1264929
2018-04-20,24144479,-0.0969,1294460
2018-04-23,24115317,-0.2175,2008026
2018-04-24,24115317,-0.2175,2913766
2018-04-25,24115317,-0.2175,2951671
2018-04-26,24115317,-0.2175,2950376
2018-04-27,24115317,-0.2175,3125641
2018-04-30,24115317,-0.2175,3638493
2018-05-01,24115317,-0.2175,0
2018-05-02,24299446,0.0,3599002
2018-05-03,24299446,0.0,2133036
2018-05-04,24882347,0.0,2860015
2018-05-07,25012394,0.0,2042277
2018-05-08,25012394,0.0,1598356
2018-05-09,25012394,0.0,1583271
2018-05-10,25012394,0.0,1569043
2018-05-11,25012394,0.0,1576114
2018-05-14,25012394,0.0,2414747
2018-05-15,25012394,0.0,2391042
2018-05-16,25094488,0.0,3863973
2018-05-17,25175189,0.0,3142332
2018-05-18,25409104,0.0,2347569
2018-05-21,25409104,0.0,1621713
2018-05-22,25409104,0.0,1930989
2018-05-23,25409104,0.0,1903421
2018-05-24,25409104,0.0,1910555
2018-05-25,25374580,-0.1359,1944568
2018-05-28,25374580,-0.1359,1634177
2018-05-29,25546879,0.0,1648203
2018-05-30,25546879,0.0,161818
2018-05-31,25546879,0.0,1064417
2018-06-01,25546879,0.0,1051706
2018-06-04,25553877,0.0,1716721
2018-06-05,25553877,0.0,2042416
2018-06-06,25607849,0.0,2048866
2018-06-07,25607849,0.0,1564886
2018-06-08,25607849,0.0,1565591
2018-06-11,25699956,0.0,1570492
2018-06-12,25699956,0.0,686020
2018-06-13,25699956,0.0,678212
2018-06-14,25699956,0.0,673369
2018-06-15,25699956,0.0,667160
2018-06-18,25699956,0.0,660394
2018-06-19,25699956,0.0,650238
2018-06-20,25699956,0.0,656812
2018-06-21,25699956,0.0,658179
2018-06-22,25699956,0.0,660343
2018-06-25,25784544,0.0,658684
2018-06-26,25784544,0.0,710551
2018-06-27,25784544,0.0,1597560
2018-06-28,25784544,0.0,1598324
2018-06-29,25784544,0.0,2086446
2018-07-02,25864893,0.0,3900536
2018-07-03,26001154,0.0,3020997
2018-07-04,26001154,0.0,2325692
2018-07-05,26044277,0.0,2318987
2018-07-06,26044277,0.0,1968824
2018-07-09,26044277,0.0,1993920
2018-07-10,26044277,0.0,2000004
2018-07-11,26044277,0.0,2020958
2018-07-12,26044277,0.0,2026505
2018-07-13,26044277,0.0,2018474
2018-07-16,25597045,-1.7172,2010492
2018-07-17,25597045,-1.7172,468111
2018-07-18,25597045,-1.7172,468383
2018-07-19,25597045,-1.7172,1379848
2018-07-20,25597045,-1.7172,2477331
2018-07-23,25597045,-1.7172,3994869
2018-07-24,25577458,-1.7924,3979153
2018-07-25,25758700,-1.0965,3082169
2018-07-26,25758700,-1.0965,2791388
2018-07-27,26017607,-0.1024,2816361
2018-07-30,26017607,-0.1024,1264667
2018-07-31,26017607,-0.1024,1270726
2018-08-01,26017607,-0.1024,1270816
2018-08-02,26017607,-0.1024,1248405
2018-08-03,26017607,-0.1024,1762209
2018-08-06,26017607,-0.1024,1754623
2018-08-07,26017607,-0.1024,1755100
2018-08-08,26017607,-0.1024,2171417
2018-08-09,26067924,0.0,2158049
2018-08-10,26067924,0.0,1777965
2018-08-13,26067924,0.0,1780526
2018-08-14,26067924,0.0,1792751
2018-08-15,26067924,0.0,0
2018-08-16,26067924,0.0,2371963
2018-08-17,26132522,0.0,2396949
2018-08-20,26132522,0.0,1891747
2018-08-21,26331357,0.0,1898191
2018-08-22,26331357,0.0,0
2018-08-23,26426983,0.0,1251139
2018-08-24,26426983,0.0,858924
2018-08-27,26426983,0.0,1419062
2018-08-28,26426983,0.0,2117192
2018-08-29,26414966,-0.0455,2501370
2018-08-30,26414966,-0.0455,1628884
2018-08-31,26414966,-0.0455,1625309
2018-09-03,26414966,-0.0455,3363624
2018-09-04,26414966,-0.0455,3302163
2018-09-05,26414966,-0.0455,3293833
2018-09-06,26414966,-0.0455,3297259
2018-09-07,26414966,-0.0455,3353018
2018-09-10,26414966,-0.0455,3275493
2018-09-11,26414966,-0.0455,3227835
2018-09-12,26414966,-0.0455,3255415
2018-09-13,26414966,-0.0455,0
2018-09-14,26549964,0.0,3715814
2018-09-17,26549964,0.0,3294962
2018-09-18,26549964,0.0,3305613
2018-09-19,26549964,0.0,3284212
2018-09-20,26549964,0.0,0
2018-09-21,26549964,0.0,3185883
2018-09-24,26687773,0.0,3723051
2018-09-25,26687773,0.0,2823268
2018-09-26,26687773,0.0,3057462
2018-09-27,26687773,0.0,3050582
2018-09-28,26687773,0.0,2994221
2018-10-01,26687773,0.0,3849209
2018-10-02,26687773,0.0,0
2018-10-03,26687773,0.0,3795060
2018-10-04,26687773,0.0,3703384
2018-10-05,26687773,0.0,4241368
2018-10-08,26755829,0.0,4188062
2018-10-09,26755829,0.0,3346513
2018-10-10,26803429,0.0,3434867
2018-10-11,26803429,0.0,2855862
2018-10-12,26936908,0.0,2975709
2018-10-15,26936908,0.0,2641439
2018-10-16,26939165,0.0,2662666
2018-10-17,26939165,0.0,2532830
2018-10-18,26939165,0.0,0
2018-10-19,26939165,0.0,2532962
2018-10-22,26939165,0.0,2535532
2018-10-23,26939165,0.0,2519861
2018-10-24,27192519,0.0,2880728
2018-10-25,27177232,-0.0562,2227244
2018-10-26,27250422,0.0,1919182
2018-10-29,27269335,0.0,2390553
2018-10-30,28065844,0.0,2202864
2018-10-31,28065844,0.0,651060
2018-11-01,28065844,0.0,958306
2018-11-02,28065844,0.0,959912
2018-11-05,28065844,0.0,964170
2018-11-06,28065844,0.0,966067
2018-11-07,28065844,0.0,970781
2018-11-08,28065844,0.0,0
2018-11-09,28288090,0.0,2521471
2018-11-12,28288090,0.0,1826472
2018-11-13,28288090,0.0,1818940
2018-11-14,28288090,0.0,1858711
2018-11-15,28288090,0.0,1881173
2018-11-16,28288090,0.0,1896498
2018-11-19,28288090,0.0,2456314
2018-11-20,28288090,0.0,2405234
2018-11-21,28288090,0.0,2413123
2018-11-22,28288090,0.0,2398010
2018-11-23,28288090,0.0,0
2018-11-26,28288090,0.0,2472877
2018-11-27,28288090,0.0,2481154
2018-11-28,28288090,0.0,3293328
2018-11-29,28420554,0.0,3340455
2018-11-30,28420554,0.0,2832854
2018-12-03,28420554,0.0,3563122
2018-12-04,28420554,0.0,3538033
2018-12-05,28420554,0.0,3539875
2018-12-06,28420554,0.0,3794240
2018-12-07,28420554,0.0,3882525
2018-12-10,28420554,0.0,3785545
2018-12-11,28599218,0.0,3818251
2018-12-12,28599218,0.0,3057628
2018-12-13,28888944,0.0,3081750
2018-12-14,28888944,0.0,2331535
2018-12-17,28888944,0.0,2329166
2018-12-18,28888944,0.0,2322812
2018-12-19,28888944,0.0,2355606
2018-12-20,28961844,0.0,2325115
2018-12-21,28961844,0.0,1958186
2018-12-24,28961844,0.0,1908145
2018-12-25,28961844,0.0,0
2018-12-26,28961844,0.0,1901323
2018-12-27,28961844,0.0,1930525
2018-12-28,28961844,0.0,1943490
2018-12-31,28961844,0.0,1937953
2019-01-01,28961844,0.0,1910623
2019-01-02,28961844,0.0,1890636
2019-01-03,28961844,0.0,2464616
2019-01-04,28961844,0.0,2456378
2019-01-07,28961844,0.0,2453624
2019-01-08,28961844,0.0,2445816
2019-01-09,28961844,0.0,2469287
2019-01-10,29319801,0.0,2656629
2019-01-11,29319801,0.0,972772
2019-01-14,29274656,-0.154,970316
2019-01-15,29274656,-0.154,800848
2019-01-16,29274656,-0.154,802399
2019-01-17,29274656,-0.154,797425
2019-01-18,29274656,-0.154,792251
2019-01-21,29274656,-0.154,978194
2019-01-22,29274656,-0.154,985254
2019-01-23,29274656,-0.154,975391
2019-01-24,29274656,-0.154,973692
2019-01-25,29274656,-0.154,962951
2019-01-28,29274656,-0.154,952252
2019-01-29,29274656,-0.154,936707
2019-01-30,29274656,-0.154,1552838
2019-01-31,29274656,-0.154,1576841
2019-02-01,29377266,0.0,1601506
2019-02-04,29377266,0.0,1376426
2019-02-05,29492045,0.0,1375066
2019-02-06,29535865,0.0,1414920
2019-02-07,29535865,0.0,1208275
2019-02-08,29535865,0.0,1200509
2019-02-11,29463650,-0.2445,1188381
2019-02-12,29463650,-0.2445,584688
2019-02-13,29463650,-0.2445,0
2019-02-14,29463650,-0.2445,586098
2019-02-15,29463650,-0.2445,578275
2019-02-18,29463650,-0.2445,1600670
2019-02-19,29463650,-0.2445,2185410
2019-02-20,29463650,-0.2445,2199624
2019-02-21,29463650,-0.2445,2221873
2019-02-22,29463650,-0.2445,2246028
2019-02-25,29463650,-0.2445,2231215
2019-02-26,29463650,-0.2445,2225949
2019-02-27,29463650,-0.2445,3912086
2019-02-28,29463650,-0.2445,3919803
2019-03-01,29463650,-0.2445,3953782
2019-03-04,29463650,-0.2445,0
2019-03-05,29463650,-0.2445,4212245
2019-03-06,29477769,-0.1967,4231451
2019-03-07,29719983,0.0,3890357
2019-03-08,29719983,0.0,3149549
2019-03-11,29719983,0.0,3190009
2019-03-12,29719983,0.0,3223588
2019-03-13,29954679,0.0,4093365
2019-03-14,29954679,0.0,3435818
2019-03-15,29954679,0.0,3428489
2019-03-18,29954679,0.0,3436192
2019-03-19,29954679,0.0,3442686
2019-03-20,29954679,0.0,3438440
2019-03-21,29954679,0.0,0
2019-03-22,29954679,0.0,3425794
2019-03-25,29954679,0.0,3397965
2019-03-26,30110547,0.0,3427580
2019-03-27,30110547,0.0,2821188
2019-03-28,30110547,0.0,3633799
2019-03-29,30110547,0.0,0
2019-04-01,30110547,0.0,4290151
2019-04-02,30029811,-0.2681,4310428
2019-04-03,30029811,-0.2681,3611717
2019-04-04,30029811,-0.2681,3607666
2019-04-05,30029811,-0.2681,3612936
2019-04-08,30029811,-0.2681,3611140
2019-04-09,30344096,0.0,3628462
2019-04-10,30545560,0.0,2051210
2019-04-11,30545560,0.0,1121510
2019-04-12,30545560,0.0,1143277
2019-04-15,30545560,0.0,1358943
2019-04-16,30545560,0.0,1336441
2019-04-17,30545560,0.0,0
2019-04-18,30545560,0.0,1302355
2019-04-19,30545560,0.0,0
2019-04-22,30545560,0.0,2893921
2019-04-23,30555643,0.0,2891751
2019-04-24,30555643,0.0,2094969
2019-04-25,30555643,0.0,2080077
2019-04-26,30516399,-0.1284,2099322
2019-04-29,30516399,-0.1284,0
2019-04-30,30516399,-0.1284,2497728
2019-05-01,30516399,-0.1284,0
2019-05-02,30516399,-0.1284,2450106
2019-05-03,30516399,-0.1284,2422118
2019-05-06,30307610,-0.8117,3024664
2019-05-07,30307610,-0.8117,1469382
2019-05-08,30307610,-0.8117,1649906
2019-05-09,30307610,-0.8117,1651641
2019-05-10,30307610,-0.8117,1650006
2019-05-13,30307610,-0.8117,1648940
2019-05-14,30307610,-0.8117,1643884
2019-05-15,30307610,-0.8117,1648261
2019-05-16,30307610,-0.8117,1653576
2019-05-17,30307610,-0.8117,3191590
2019-05-20,30498678,-0.1864,3273117
2019-05-21,30498678,-0.1864,2696204
2019-05-22,30498678,-0.1864,2695841
2019-05-23,30498678,-0.1864,3679877
2019-05-24,30498678,-0.1864,3760390
2019-05-27,30627896,0.0,4358294
2019-05-28,30627896,0.0,3706106
2019-05-29,30627896,0.0,3717111
2019-05-30,30627896,0.0,4111068
2019-05-31,30543796,-0.2746,4120052
2019-06-03,30620779,-0.0232,3867103
2019-06-04,30620779,-0.0232,2803527
2019-06-05,30620779,-0.0232,0
2019-06-06,30620779,-0.0232,2793296
2019-06-07,30620779,-0.0232,2810023
2019-06-10,30620779,-0.0232,2842633
2019-06-11,30620779,-0.0232,2831056
2019-06-12,30599155,-0.0938,3134059
2019-06-13,30599155,-0.0938,2922677
2019-06-14,30599155,-0.0938,2884919
2019-06-17,30599155,-0.0938,2870954
2019-06-18,30599155,-0.0938,2855878
2019-06-19,30599155,-0.0938,2835986
2019-06-20,30599155,-0.0938,2858751
2019-06-21,30599155,-0.0938,2865058
2019-06-24,30599155,-0.0938,2852744
2019-06-25,30599155,-0.0938,2849689
2019-06-26,30599155,-0.0938,3717979
2019-06-27,30599155,-0.0938,3765154
2019-06-28,30599155,-0.0938,3798644
2019-07-01,30599155,-0.0938,4841520
2019-07-02,30599155,-0.0938,4852678
2019-07-03,30599155,-0.0938,4862215
2019-07-04,30599155,-0.0938,4890661
2019-07-05,30812103,0.0,4832819
2019-07-08,31203107,0.0,2968576
2019-07-09,31177259,-0.0828,1357891
2019-07-10,31177259,-0.0828,900494
2019-07-11,31177259,-0.0828,905873
2019-07-12,31177259,-0.0828,917608
2019-07-15,31177259,-0.0828,928454
2019-07-16,31177259,-0.0828,925636
2019-07-17,31177259,-0.0828,1432797
2019-07-18,31177259,-0.0828,1731765
2019-07-19,31177259,-0.0828,3350391
2019-07-22,31243803,0.0,4582530
2019-07-23,30999636,-0.7815,5317305
2019-07-24,30999636,-0.7815,4863682
2019-07-25,30999636,-0.7815,4851142
2019-07-26,30999636,-0.7815,4901230
2019-07-29,30999636,-0.7815,5443949
2019-07-30,30999636,-0.7815,5395853
2019-07-31,30999636,-0.7815,5429394
2019-08-01,31173164,-0.2261,5411330
2019-08-02,31173164,-0.2261,4578788
2019-08-05,31173164,-0.2261,4549831
2019-08-06,31173164,-0.2261,4934418
2019-08-07,31138055,-0.3385,4931092
2019-08-08,30952512,-0.9323,3267978
2019-08-09,30926488,-1.0156,2730798
2019-08-12,30926488,-1.0156,0
2019-08-13,30926488,-1.0156,2198311
2019-08-14,30926488,-1.0156,2222722
2019-08-15,30926488,-1.0156,0
2019-08-16,30926488,-1.0156,3070322
2019-08-19,30926488,-1.0156,3667859
2019-08-20,30926488,-1.0156,5799435
2019-08-21,30759070,-1.5515,5739744
2019-08-22,30759070,-1.5515,5123056
2019-08-23,30260948,-3.1458,5097752
2019-08-26,30260948,-3.1458,4435800
2019-08-27,30358985,-2.832,4442676
2019-08-28,30428883,-2.6083,4114059
2019-08-29,30182835,-3.3958,3682158
2019-08-30,30182835,-3.3958,3161838
2019-09-02,30182835,-3.3958,0
2019-09-03,30182835,-3.3958,3115586
2019-09-04,30182835,-3.3958,3126540
2019-09-05,30182835,-3.3958,3954273
2019-09-06,30387048,-2.7422,3964992
2019-09-09,30387048,-2.7422,2690726
2019-09-10,30387048,-2.7422,0
2019-09-11,30752833,-1.5714,2764602
2019-09-12,30752833,-1.5714,1848601
2019-09-13,30752833,-1.5714,1862029
2019-09-16,30752833,-1.5714,1852799
2019-09-17,30752833,-1.5714,1815614
2019-09-18,30752833,-1.5714,1818524
2019-09-19,30752833,-1.5714,1806050
2019-09-20,30818325,-1.3618,3786252
2019-09-23,30861108,-1.2249,2839188
2019-09-24,30861108,-1.2249,486101
2019-09-25,30861108,-1.2249,484681
2019-09-26,30861108,-1.2249,495160
2019-09-27,30861108,-1.2249,501148
2019-09-30,30861108,-1.2249,2325155
2019-10-01,30861108,-1.2249,3139479
2019-10-02,30861108,-1.2249,0
2019-10-03,30861108,-1.2249,3117807
2019-10-04,30861108,-1.2249,3076946
2019-10-07,30861108,-1.2249,3067272
2019-10-08,30861108,-1.2249,0
2019-10-09,30861108,-1.2249,3132860
2019-10-10,30861108,-1.2249,3588014
2019-10-11,30861108,-1.2249,3620561
2019-10-14,30861108,-1.2249,3636048
2019-10-15,30861108,-1.2249,3673052
2019-10-16,30861108,-1.2249,3704870
2019-10-17,30861108,-1.2249,3786851
2019-10-18,31274060,0.0,3834923
2019-10-21,31274060,0.0,0
2019-10-22,31274060,0.0,2960215
2019-10-23,31274060,0.0,2981473
2019-10-24,31274060,0.0,2985972
2019-10-25,31274060,0.0,2982560
2019-10-28,31274060,0.0,0
2019-10-29,31274060,0.0,3017099
2019-10-30,31274060,0.0,3016833
2019-10-31,31274060,0.0,3024659
2019-11-01,31184131,-0.2876,3024238
2019-11-04,31184131,-0.2876,2501964
2019-11-05,31153627,-0.3851,2547588
2019-11-06,31153627,-0.3851,569077
2019-11-07,31153627,-0.3851,562008
2019-11-08,31153627,-0.3851,568228
2019-11-11,31153627,-0.3851,560163
2019-11-12,31153627,-0.3851,0
2019-11-13,31153627,-0.3851,563771
2019-11-14,31153627,-0.3851,564370
2019-11-15,31153627,-0.3851,560783
2019-11-18,31153627,-0.3851,563829
2019-11-19,31153627,-0.3851,567992
2019-11-20,31153627,-0.3851,562937
2019-11-21,31153627,-0.3851,572276
2019-11-22,31153627,-0.3851,586485
2019-11-25,31153627,-0.3851,600389
2019-11-26,31153627,-0.3851,590580
2019-11-27,31153627,-0.3851,600669
2019-11-28,31153627,-0.3851,606826
2019-11-29,31153627,-0.3851,599447
2019-12-02,31153627,-0.3851,573355
2019-12-03,31153627,-0.3851,562828
2019-12-04,31153627,-0.3851,562375
2019-12-05,31153627,-0.3851,1458007
2019-12-06,31153627,-0.3851,1453436
2019-12-09,31153627,-0.3851,1443828
2019-12-10,31363822,0.0,1959744
2019-12-11,31363822,0.0,1107816
2019-12-12,31363822,0.0,1124165
2019-12-13,31363822,0.0,1138173
2019-12-16,31363822,0.0,1130623
2019-12-17,31510849,0.0,1139688
2019-12-18,31510849,0.0,2414049
2019-12-19,31510849,0.0,2433831
2019-12-20,31510849,0.0,2427438
2019-12-23,31510849,0.0,2433939
2019-12-24,31165524,-1.0959,2418003
2019-12-25,31165524,-1.0959,0
2019-12-26,31165524,-1.0959,1841711
2019-12-27,31165524,-1.0959,1848776
2019-12-30,31165524,-1.0959,1850062
2019-12-31,31165524,-1.0959,1834623
2020-01-01,31165524,-1.0959,1843348
2020-01-02,31165524,-1.0959,2368870
2020-01-03,31165524,-1.0959,2351400
2020-01-06,31165524,-1.0959,2320225
2020-01-07,31165524,-1.0959,2340576
2020-01-08,31165524,-1.0959,2973821
2020-01-09,31165524,-1.0959,3536763
2020-01-10,31165524,-1.0959,3559631
2020-01-13,31165524,-1.0959,3615403
2020-01-14,31165524,-1.0959,3635998
2020-01-15,31165524,-1.0959,4611367
2020-01-16,31267139,-0.7734,4614696
2020-01-17,31267139,-0.7734,4094897
2020-01-20,31267139,-0.7734,4080762
2020-01-21,31363119,-0.4688,4075811
2020-01-22,31363119,-0.4688,3524094
2020-01-23,31179542,-1.0514,3546185
2020-01-24,31179542,-1.0514,2942506
2020-01-27,31179542,-1.0514,2917250
2020-01-28,31137987,-1.1833,2898235
2020-01-29,31137987,-1.1833,1480816
2020-01-30,31137987,-1.1833,1904135
2020-01-31,31265113,-0.7798,3003474
2020-02-03,31265113,-0.7798,2573757
2020-02-04,31265113,-0.7798,2591681
2020-02-05,31265113,-0.7798,2615130
2020-02-06,31265113,-0.7798,2632732
2020-02-07,31292375,-0.6933,2631369
2020-02-10,31292375,-0.6933,2062941
2020-02-11,31292375,-0.6933,2066958
2020-02-12,31292375,-0.6933,4206672
2020-02-13,31292375,-0.6933,4187102
2020-02-14,31253415,-0.817,5564033
2020-02-17,31253415,-0.817,5061940
2020-02-18,31253415,-0.817,5081663
2020-02-19,31253415,-0.817,5124212
2020-02-20,31253415,-0.817,5116075
2020-02-21,31253415,-0.817,0
2020-02-24,31253415,-0.817,5046639
2020-02-25,31253415,-0.817,5039680
2020-02-26,31253415,-0.817,5016563
2020-02-27,31253415,-0.817,5034315
2020-02-28,31126168,-1.2208,5378368
2020-03-02,31236220,-0.8715,5976206
2020-03-03,31236220,-0.8715,3137836
2020-03-04,31236220,-0.8715,3096349
2020-03-05,31236220,-0.8715,3105945
2020-03-06,31236220,-0.8715,3058153
2020-03-09,31066999,-1.4086,3788408
2020-03-10,31066999,-1.4086,0
2020-03-11,31066999,-1.4086,3884953
2020-03-12,31068740,-1.403,5486001
2020-03-13,31068740,-1.403,4415364
2020-03-16,31068740,-1.403,4177188
2020-03-17,31253401,-0.817,4138300
2020-03-18,31253401,-0.817,3592921
2020-03-19,30985858,-1.6661,3667111
2020-03-20,30985858,-1.6661,2386992
2020-03-23,31231623,-0.8861,2071480
2020-03-24,31378737,-0.4193,1798305
2020-03-25,31378737,-0.4193,1615109
2020-03-26,31378737,-0.4193,3992680
2020-03-27,31311664,-0.6321,4324015
2020-03-30,31311664,-0.6321,4361543
2020-03-31,31302513,-0.6612,4480722
2020-04-01,31362372,-0.4712,3412202
2020-04-02,31362372,-0.4712,0
2020-04-03,31362372,-0.4712,2624172
2020-04-06,31362372,-0.4712,0
2020-04-07,31495814,-0.0477,2914002
2020-04-08,31455273,-0.1764,2671500
2020-04-09,31455273,-0.1764,3042006
2020-04-10,31455273,-0.1764,0
2020-04-13,31455273,-0.1764,2997580
2020-04-14,31455273,-0.1764,0
2020-04-15,31455273,-0.1764,3113622
2020-04-16,31455273,-0.1764,3132894
2020-04-17,32121676,0.0,3128501
2020-04-20,32121676,0.0,3293372
2020-04-21,32121676,0.0,3264711
2020-04-22,32121676,0.0,3326664
2020-04-23,32121676,0.0,3360258
2020-04-24,32121676,0.0,3317123
2020-04-27,32468026,0.0,3350429
2020-04-28,32468026,0.0,2497027
2020-04-29,33161051,0.0,2458354
2020-04-30,33161051,0.0,456162
2020-05-01,33161051,0.0,0
2020-05-04,33161051,0.0,442792
2020-05-05,33161051,0.0,452782
2020-05-06,33161051,0.0,458326
2020-05-07,33161051,0.0,463806
2020-05-08,33161051,0.0,456287
2020-05-11,33161051,0.0,450050
2020-05-12,33161051,0.0,444329
2020-05-13,33161051,0.0,452864
2020-05-14,33161051,0.0,453087
2020-05-15,33161051,0.0,451299
2020-05-18,33161051,0.0,432580
2020-05-19,33161051,0.0,426256
2020-05-20,33161051,0.0,431063
2020-05-21,33161051,0.0,434989
2020-05-22,33161051,0.0,426836
2020-05-25,33161051,0.0,0
2020-05-26,33161051,0.0,1178030
2020-05-27,33161051,0.0,1182870
2020-05-28,33161051,0.0,1202103
2020-05-29,33161051,0.0,1215043
2020-06-01,33051096,-0.3316,1245849
2020-06-02,33172607,0.0,813164
2020-06-03,33172607,0.0,961895
2020-06-04,32992424,-0.5432,958783
2020-06-05,32992424,-0.5432,578370
2020-06-08,33270778,0.0,595495
2020-06-09,33270778,0.0,0
2020-06-10,33270778,0.0,0
2020-06-11,33270778,0.0,0
2020-06-12,33270778,0.0,0
2020-06-15,33270778,0.0,0
2020-06-16,33270778,0.0,0
2020-06-17,33270778,0.0,0
2020-06-18,33270778,0.0,0
2020-06-19,33270778,0.0,0
2020-06-22,33270778,0.0,0
2020-06-23,33270778,0.0,0
2020-06-24,33270778,0.0,0
2020-06-25,33270778,0.0,0
2020-06-26,33270778,0.0,0
2020-06-29,33270778,0.0,0
2020-06-30,33270778,0.0,0
2020-07-01,33270778,0.0,0
2020-07-02,33270778,0.0,0
2020-07-03,33270778,0.0,456345
2020-07-06,33270778,0.0,936341
2020-07-07,33270778,0.0,1456727
2020-07-08,33137470,-0.4007,2368995
2020-07-09,33137470,-0.4007,1925682
2020-07-10,33137470,-0.4007,1905671
2020-07-13,33137470,-0.4007,1902926
2020-07-14,33137470,-0.4007,1860974
2020-07-15,33137470,-0.4007,2280991
2020-07-16,33137470,-0.4007,2301532
2020-07-17,33137470,-0.4007,2353885
2020-07-20,33137470,-0.4007,2377760
2020-07-21,33137470,-0.4007,2419655
2020-07-22,33137470,-0.4007,2398018
2020-07-23,33137470,-0.4007,2446242
2020-07-24,33137470,-0.4007,2413550
2020-07-27,33137470,-0.4007,4378170
2020-07-28,33137470,-0.4007,4444478
2020-07-29,33662023,0.0,4480310
2020-07-30,33662023,0.0,1501365
2020-07-31,33662023,0.0,1484881
2020-08-03,33662023,0.0,1471948
2020-08-04,33620305,-0.1239,1500465
2020-08-05,33620305,-0.1239,3074854
2020-08-06,33620305,-0.1239,3092905
2020-08-07,33650023,-0.0356,3115936
2020-08-10,33650023,-0.0356,2630859
2020-08-11,33650023,-0.0356,2644283
2020-08-12,33650023,-0.0356,2629684
2020-08-13,33650023,-0.0356,2616511
2020-08-14,33650023,-0.0356,2570324
2020-08-17,33650023,-0.0356,2598357
2020-08-18,33764439,0.0,2616648
2020-08-19,33764439,0.0,558765
2020-08-20,33671924,-0.274,565682
2020-08-21,33671924,-0.274,0
2020-08-24,33671924,-0.274,0
2020-08-25,33671924,-0.274,657510
2020-08-26,33671924,-0.274,654519
2020-08-27,33671924,-0.274,695279
2020-08-28,33834759,0.0,718522
2020-08-31,33834759,0.0,0
2020-09-01,33834759,0.0,0
2020-09-02,33834759,0.0,0
2020-09-03,33834759,0.0,2019178
2020-09-04,33834759,0.0,1988105
2020-09-07,33834759,0.0,2013154
2020-09-08,33834759,0.0,2001332
2020-09-09,33834759,0.0,2010927
2020-09-10,33834759,0.0,2018862
2020-09-11,33834759,0.0,2058657
2020-09-14,33834759,0.0,2034628
2020-09-15,33834759,0.0,2038590
2020-09-16,33834759,0.0,2758658
2020-09-17,33834759,0.0,2726042
2020-09-18,33834759,0.0,2759132
2020-09-21,33834759,0.0,3226348
2020-09-22,33834759,0.0,3210533
2020-09-23,33834759,0.0,3207631
2020-09-24,33834759,0.0,3183599
2020-09-25,33834759,0.0,3219618
2020-09-28,33834759,0.0,3268753
2020-09-29,33834759,0.0,3240530
2020-09-30,33915141,0.0,4164491
2020-10-01,33915141,0.0,3540882
2020-10-02,33915141,0.0,0
2020-10-05,33915141,0.0,3568705
2020-10-06,33350213,-1.6657,3603450
2020-10-07,33350213,-1.6657,1532117
2020-10-08,33350213,-1.6657,1534837
2020-10-09,33077040,-2.4712,1551491
2020-10-12,33077040,-2.4712,580337
2020-10-13,33218443,-2.0542,585031
2020-10-14,33218443,-2.0542,0
2020-10-15,33218443,-2.0542,534842
2020-10-16,33218443,-2.0542,1505616
2020-10-19,33218443,-2.0542,1523949
2020-10-20,33218443,-2.0542,2277335
2020-10-21,33202957,-2.0999,2323105
2020-10-22,33202957,-2.0999,1552933
2020-10-23,33202957,-2.0999,1542941
2020-10-26,33202957,-2.0999,1530101
2020-10-27,33732578,-0.5383,1599148
2020-10-28,33732578,-0.5383,529952
2020-10-29,33732578,-0.5383,1272247
2020-10-30,33732578,-0.5383,1827045
2020-11-02,33732578,-0.5383,1815532
2020-11-03,33732578,-0.5383,3888120
2020-11-04,33732578,-0.5383,3887318
2020-11-05,34280294,0.0,4582177
2020-11-06,34280294,0.0,3297112
2020-11-09,34297439,0.0,3336551
2020-11-10,34297439,0.0,1244500
2020-11-11,34572106,0.0,1761650
2020-11-12,34572106,0.0,1167558
2020-11-13,34572106,0.0,1173379
2020-11-16,34572106,0.0,0
2020-11-17,34479658,-0.2674,1187941
2020-11-18,34479658,-0.2674,1331595
2020-11-19,34479658,-0.2674,1317984
2020-11-20,34479658,-0.2674,1874136
2020-11-23,34469850,-0.2958,1895454
2020-11-24,34345064,-0.6567,1890485
2020-11-25,34345064,-0.6567,1188316
2020-11-26,34345064,-0.6567,1772514
2020-11-27,34345064,-0.6567,1804769
2020-11-30,34345064,-0.6567,0
2020-12-01,34154413,-1.2082,1833486
2020-12-02,34154413,-1.2082,2080533
2020-12-03,34154413,-1.2082,2709394
2020-12-04,34154413,-1.2082,4765975
2020-12-07,34154413,-1.2082,4797224
2020-12-08,34154413,-1.2082,5443378
2020-12-09,34300945,-0.7843,5500610
2020-12-10,34020305,-1.5961,4997751
2020-12-11,34020305,-1.5961,2846930
2020-12-14,34053997,-1.4986,2864361
2020-12-15,34053997,-1.4986,1970071
2020-12-16,34053997,-1.4986,2006122
2020-12-17,34053997,-1.4986,4170727
2020-12-18,34053997,-1.4986,4173000
2020-12-21,34053997,-1.4986,4035507
2020-12-22,34127493,-1.286,4074490
2020-12-23,34127493,-1.286,3473453
2020-12-24,34277707,-0.8516,3498457
2020-12-25,34277707,-0.8516,0
2020-12-28,34277707,-0.8516,2936394
2020-12-29,34277707,-0.8516,2945824
2020-12-30,34277707,-0.8516,3966108
2020-12-31,34277707,-0.8516,3978865
2021-01-01,34277707,-0.8516,4008134
2021-01-04,34552167,-0.0577,4751058
2021-01-05,34552167,-0.0577,4682506
2021-01-06,34552167,-0.0577,4649045
2021-01-07,34552167,-0.0577,4646112
2021-01-08,34552167,-0.0577,5640558
2021-01-11,34647799,0.0,5698403
2021-01-12,34923057,0.0,4682566
2021-01-13,34923057,0.0,1669519
2021-01-14,34923057,0.0,1663721
2021-01-15,34923057,0.0,1618438
2021-01-18,34923057,0.0,2854333
2021-01-19,34923057,0.0,3227917
2021-01-20,34923057,0.0,3253508
2021-01-21,34923057,0.0,3228495
2021-01-22,34923057,0.0,3199060
2021-01-25,34731320,-0.549,3161896
2021-01-26,34731320,-0.549,0
2021-01-27,34731320,-0.549,2405619
2021-01-28,34731320,-0.549,2356371
2021-01-29,34731320,-0.549,2335493
2021-02-01,34731320,-0.549,2397126
2021-02-02,34731320,-0.549,3240638
2021-02-03,34731320,-0.549,3276051
2021-02-04,34731320,-0.549,3305686
2021-02-05,34731320,-0.549,3311853
2021-02-08,34731320,-0.549,4398827
2021-02-09,34731320,-0.549,4935857
2021-02-10,34731320,-0.549,4950392
2021-02-11,34731320,-0.549,4925239
2021-02-12,34731320,-0.549,4908487
2021-02-15,34937826,0.0,4924497
2021-02-16,34937826,0.0,4433271
2021-02-17,34937826,0.0,6492252
2021-02-18,34937826,0.0,6474973
2021-02-19,34533345,-1.1577,6409847
2021-02-22,34838835,-0.2833,5605296
2021-02-23,34838835,-0.2833,4575045
2021-02-24,34838835,-0.2833,4656662
2021-02-25,34838835,-0.2833,5511433
2021-02-26,35181090,0.0,5358558
2021-03-01,35181090,0.0,4678704
2021-03-02,35338873,0.0,4787631
2021-03-03,35338873,0.0,3930780
2021-03-04,35338873,0.0,3908541
2021-03-05,35338873,0.0,3870422
2021-03-08,35338873,0.0,6305435
2021-03-09,35338873,0.0,6354546
2021-03-10,35338873,0.0,6400991
2021-03-11,35338873,0.0,0
2021-03-12,35338873,0.0,6344928
2021-03-15,35643409,0.0,6354760
2021-03-16,35643409,0.0,5297476
2021-03-17,35643409,0.0,5229112
2021-03-18,35643409,0.0,5156020
2021-03-19,36073494,0.0,6144213
2021-03-22,36073494,0.0,5003323
2021-03-23,36239618,0.0,5022482
2021-03-24,36189883,-0.1372,4037250
2021-03-25,36189883,-0.1372,3464916
2021-03-26,36684724,0.0,3528251
2021-03-29,36684724,0.0,0
2021-03-30,36684724,0.0,2593002
2021-03-31,36724467,0.0,2570150
2021-04-01,35799668,-2.5182,2258857
2021-04-02,35799668,-2.5182,0
2021-04-05,35799668,-2.5182,2136775
2021-04-06,35799668,-2.5182,2128686
2021-04-07,35750998,-2.6507,2158448
2021-04-08,35750998,-2.6507,3241145
2021-04-09,35903334,-2.2359,4851886
2021-04-12,35581387,-3.1126,2386170
2021-04-13,35698659,-2.7933,914790
2021-04-14,35698659,-2.7933,0
2021-04-15,35698659,-2.7933,0
2021-04-16,35698659,-2.7933,0
2021-04-19,35698659,-2.7933,0
2021-04-20,35698659,-2.7933,3795068
2021-04-21,35698659,-2.7933,0
2021-04-22,35719804,-2.7357,3773550
2021-04-23,35719804,-2.7357,3181579
2021-04-26,36036077,-1.8745,3176886
2021-04-27,36036077,-1.8745,959391
2021-04-28,36036077,-1.8745,962687
2021-04-29,36036077,-1.8745,1635121
2021-04-30,36036077,-1.8745,1638196
2021-05-03,36036077,-1.8745,1653501
2021-05-04,36036077,-1.8745,3900209
2021-05-05,36036077,-1.8745,3940526
2021-05-06,36036077,-1.8745,4895444
2021-05-07,36036077,-1.8745,4886328
2021-05-10,36192930,-1.4474,4907569
2021-05-11,36192930,-1.4474,3828783
2021-05-12,36192930,-1.4474,3788317
2021-05-13,36192930,-1.4474,0
2021-05-14,36192930,-1.4474,3805673
2021-05-17,36192930,-1.4474,3820895
2021-05-18,36192930,-1.4474,3851299
2021-05-19,36323866,-1.0908,3840230
2021-05-20,36323866,-1.0908,2661376
2021-05-21,36323866,-1.0908,2692892
2021-05-24,36323866,-1.0908,2664060
2021-05-25,36571049,-0.4178,2659569
2021-05-26,36571049,-0.4178,1689600
2021-05-27,36571049,-0.4178,1692142
2021-05-28,36571049,-0.4178,1691519
2021-05-31,36571049,-0.4178,1691102
2021-06-01,36631610,-0.2528,2755583
2021-06-02,36631610,-0.2528,1757914
2021-06-03,36327023,-1.0822,1828125
2021-06-04,36327023,-1.0822,727117
2021-06-07,36327023,-1.0822,701343
2021-06-08,36327023,-1.0822,1876383
2021-06-09,36327023,-1.0822,3107413
2021-06-10,36404358,-0.8717,4321222
2021-06-11,36404358,-0.8717,3588307
2021-06-14,36404358,-0.8717,3574716
2021-06-15,36404358,-0.8717,3575486
2021-06-16,36404358,-0.8717,3629747
2021-06-17,36404358,-0.8717,3593375
2021-06-18,36404358,-0.8717,3532283
2021-06-21,36404358,-0.8717,6521344
2021-06-22,36404358,-0.8717,6523495
2021-06-23,36893722,0.0,6514492
2021-06-24,37458200,0.0,5217132
2021-06-25,37458200,0.0,4118572
2021-06-28,37458200,0.0,4118386
2021-06-29,37665584,0.0,5329048
2021-06-30,37665584,0.0,4745618
2021-07-01,38034449,0.0,5926684
2021-07-02,38034449,0.0,3576084
2021-07-05,38034449,0.0,3587106
2021-07-06,38034449,0.0,3608564
2021-07-07,38034449,0.0,3657048
2021-07-08,38034449,0.0,3662289
2021-07-09,38034449,0.0,3679021
2021-07-12,38034449,0.0,3715277
2021-07-13,38034449,0.0,3735854
2021-07-14,38216185,0.0,3727903
2021-07-15,38216185,0.0,2505395
2021-07-16,38216185,0.0,2513993
2021-07-19,38216185,0.0,2492735
2021-07-20,38355059,0.0,3918275
2021-07-21,38355059,0.0,0
2021-07-22,38027679,-0.8536,6363244
2021-07-23,38027679,-0.8536,4836601
2021-07-26,38027679,-0.8536,4831936
2021-07-27,38027679,-0.8536,4797562
2021-07-28,38027679,-0.8536,4811668
2021-07-29,38027679,-0.8536,6520974
2021-07-30,37947765,-1.0619,6725407
2021-08-02,38107300,-0.646,5472600
2021-08-03,38107300,-0.646,2422011
2021-08-04,38107300,-0.646,2357190
2021-08-05,38107300,-0.646,2352473
2021-08-06,38107300,-0.646,3647426
2021-08-09,38024023,-0.8631,3661481
2021-08-10,38024023,-0.8631,2339865
2021-08-11,38209280,-0.3801,2332551
2021-08-12,38209280,-0.3801,0
2021-08-13,38209280,-0.3801,0
2021-08-16,38209280,-0.3801,0
2021-08-17,38209280,-0.3801,418700
2021-08-18,38209280,-0.3801,418157
2021-08-19,38209280,-0.3801,0
2021-08-20,38209280,-0.3801,2931051
2021-08-23,38209280,-0.3801,2938307
2021-08-24,38209280,-0.3801,4128277
2021-08-25,38209280,-0.3801,4151175
2021-08-26,38209280,-0.3801,4171564
2021-08-27,38115606,-0.6243,4188004
2021-08-30,38115606,-0.6243,5875653
2021-08-31,38115606,-0.6243,5943288
2021-09-01,38115606,-0.6243,5943109
2021-09-02,38012345,-0.8935,6047770
2021-09-03,38012345,-0.8935,5375201
2021-09-06,38012345,-0.8935,5371583
2021-09-07,38012345,-0.8935,7238442
2021-09-08,38012345,-0.8935,7245849
2021-09-09,38012345,-0.8935,7238618
2021-09-10,38012345,-0.8935,0
2021-09-13,38012345,-0.8935,7231816
2021-09-14,38030213,-0.8469,7268827
2021-09-15,37977822,-0.9835,5323916
2021-09-16,38468783,0.0,4898597
2021-09-17,38468783,0.0,3532226
2021-09-20,38468783,0.0,3453264
2021-09-21,38468783,0.0,3561008
2021-09-22,38468783,0.0,3629668
2021-09-23,38641378,0.0,3762770
2021-09-24,38641378,0.0,2202847
2021-09-27,38641378,0.0,2139669
2021-09-28,38641378,0.0,2089342
2021-09-29,38834322,0.0,4430628
2021-09-30,38672358,-0.4171,4708288
2021-10-01,38672358,-0.4171,2260852
2021-10-04,38672358,-0.4171,2290378
2021-10-05,39546913,0.0,2285856
2021-10-06,39546913,0.0,656562
2021-10-07,39546913,0.0,3125976
2021-10-08,39637586,0.0,3119477
2021-10-11,39637586,0.0,644836
2021-10-12,39673707,0.0,2390994
2021-10-13,39673707,0.0,1739689
2021-10-14,39673707,0.0,1729695
2021-10-15,39673707,0.0,0
2021-10-18,39673707,0.0,1711853
2021-10-19,40011796,0.0,1638469
2021-10-20,40011796,0.0,0
2021-10-21,40011796,0.0,0
2021-10-22,40011796,0.0,2730340
2021-10-25,40011796,0.0,4147063
2021-10-26,40011796,0.0,4225420
2021-10-27,40011796,0.0,4205143
2021-10-28,40011796,0.0,4076996
2021-10-29,40011796,0.0,4005193
2021-11-01,40011796,0.0,4080630
2021-11-02,40011796,0.0,4077569
2021-11-03,40011796,0.0,6496515
2021-11-04,40011796,0.0,6532396
2021-11-05,40011796,0.0,0
2021-11-08,37907342,-5.2596,6533483
2021-11-09,37907342,-5.2596,3979483
2021-11-10,37907342,-5.2596,3972880
2021-11-11,37907342,-5.2596,3928486
2021-11-12,37907342,-5.2596,3992621
2021-11-15,37907342,-5.2596,4009321
2021-11-16,37907342,-5.2596,4053093
2021-11-17,37907342,-5.2596,5876631
2021-11-18,37907342,-5.2596,5754518
2021-11-19,37907342,-5.2596,0
2021-11-22,37907342,-5.2596,5631709
2021-11-23,37907342,-5.2596,5683711
2021-11-24,37907342,-5.2596,5626557
2021-11-25,37907342,-5.2596,5688464
2021-11-26,37907342,-5.2596,5535383
2021-11-29,37907342,-5.2596,6813429
2021-11-30,37907342,-5.2596,6878620
2021-12-01,38208492,-4.5069,6866760
2021-12-02,38208492,-4.5069,4586789
2021-12-03,38208492,-4.5069,4541539
2021-12-06,38208492,-4.5069,4459020
2021-12-07,38208492,-4.5069,4551944
2021-12-08,38583439,-3.5698,4601238
2021-12-09,38583439,-3.5698,3275209
2021-12-10,38583439,-3.5698,3301766
2021-12-13,38583439,-3.5698,3296420
2021-12-14,38583439,-3.5698,3304531
2021-12-15,38583439,-3.5698,3249280
2021-12-16,38583439,-3.5698,3259608
2021-12-17,38583439,-3.5698,3204868
2021-12-20,38583439,-3.5698,3076906
2021-12-21,38583439,-3.5698,3172915
2021-12-22,38583439,-3.5698,3287699
2021-12-23,38583439,-3.5698,3331788
2021-12-24,38583439,-3.5698,3349527
2021-12-27,38583439,-3.5698,3401800
2021-12-28,38583439,-3.5698,3422628
2021-12-29,38583439,-3.5698,3408397
2021-12-30,38583439,-3.5698,3432471
2021-12-31,38583439,-3.5698,3432384
2022-01-03,38085168,-4.8151,3471550
2022-01-04,38041042,-4.9254,1686381
2022-01-05,38041042,-4.9254,0
2022-01-06,38041042,-4.9254,767367
2022-01-07,38041042,-4.9254,766410
2022-01-10,38041042,-4.9254,767311
2022-01-11,38041042,-4.9254,760864
2022-01-12,38041042,-4.9254,768932
2022-01-13,38041042,-4.9254,774056
2022-01-14,38041042,-4.9254,770914
2022-01-17,38041042,-4.9254,775469
2022-01-18,38041042,-4.9254,749313
2022-01-19,38041042,-4.9254,745654
2022-01-20,38041042,-4.9254,2364920
2022-01-21,38041042,-4.9254,2871286
2022-01-24,38178616,-4.5816,2752523
2022-01-25,38178616,-4.5816,3728880
2022-01-26,38178616,-4.5816,0
2022-01-27,38178616,-4.5816,3565800
2022-01-28,38178616,-4.5816,3631670
2022-01-31,38178616,-4.5816,3698651
2022-02-01,38178616,-4.5816,3738761
2022-02-02,38255963,-4.3883,3774403
2022-02-03,38255963,-4.3883,5775215
2022-02-04,38255963,-4.3883,5775408
2022-02-07,38255963,-4.3883,8048479
2022-02-08,39107520,-2.26,7963499
2022-02-09,39107520,-2.26,5506960
2022-02-10,39107520,-2.26,5494316
2022-02-11,39107520,-2.26,5359107
2022-02-14,39107520,-2.26,5680355
2022-02-15,39107520,-2.26,5866966
2022-02-16,39107520,-2.26,5846613
2022-02-17,39429421,-1.4555,5820428
2022-02-18,39429421,-1.4555,3521348
2022-02-21,39429421,-1.4555,3484580
2022-02-22,39429421,-1.4555,3465208
2022-02-23,39429421,-1.4555,3484654
2022-02-24,40046008,0.0,7828483
2022-02-25,40046008,0.0,6819582
2022-02-28,40046008,0.0,6883253
2022-03-01,40046008,0.0,0
2022-03-02,40046008,0.0,8076232
2022-03-03,39358369,-1.7171,8691376
2022-03-04,39358369,-1.7171,6326164
2022-03-07,39358369,-1.7171,7628616
2022-03-08,40779882,0.0,7728297
2022-03-09,41185417,0.0,5421568
2022-03-10,41185417,0.0,7407446
2022-03-11,41185417,0.0,7422589
2022-03-14,41398967,0.0,7537923
2022-03-15,41041803,-0.8627,6308829
2022-03-16,41041803,-0.8627,4248973
2022-03-17,41041803,-0.8627,4337499
2022-03-18,41041803,-0.8627,0
2022-03-21,41041803,-0.8627,4329516
2022-03-22,41041803,-0.8627,4379581
2022-03-23,41041803,-0.8627,4352739
2022-03-24,41041803,-0.8627,4381006
2022-03-25,41041803,-0.8627,4342913
2022-03-28,41041803,-0.8627,4309297
2022-03-29,41041803,-0.8627,4372913
2022-03-30,41041803,-0.8627,4414117
2022-03-31,41041803,-0.8627,4402728
2022-04-01,41041803,-0.8627,6261314
2022-04-04,41067404,-0.8009,7619958
2022-04-05,41324614,-0.1796,9973739
2022-04-06,40637011,-1.8405,7880650
2022-04-07,40637011,-1.8405,4898970
2022-04-08,40637011,-1.8405,4920916
2022-04-11,40637011,-1.8405,5436153
2022-04-12,40637011,-1.8405,5374015
2022-04-13,40986154,-0.9972,8172528
2022-04-14,40986154,-0.9972,0
2022-04-15,40986154,-0.9972,0
2022-04-18,40986154,-0.9972,6919020
2022-04-19,42299351,0.0,7623684
2022-04-20,42299351,0.0,4911134
2022-04-21,42299351,0.0,4984692
2022-04-22,42299351,0.0,4907096
2022-04-25,42299351,0.0,4775387
2022-04-26,42299351,0.0,4894611
2022-04-27,42299351,0.0,4836530
2022-04-28,42299351,0.0,4865582
2022-04-29,42379938,0.0,6111903
2022-05-02,42379938,0.0,5540658
2022-05-03,42379938,0.0,0
2022-05-04,42701979,0.0,6577707
2022-05-05,42479842,-0.5202,4891627
2022-05-06,42911505,0.0,3171177
2022-05-09,42911505,0.0,1164583
2022-05-10,42911505,0.0,1183756
2022-05-11,42911505,0.0,1191415
2022-05-12,42911505,0.0,1161501
2022-05-13,42911505,0.0,1163844
2022-05-16,42911505,0.0,3862434
2022-05-17,42911505,0.0,3937349
2022-05-18,42911505,0.0,3903485
2022-05-19,42911505,0.0,3767546
2022-05-20,42911505,0.0,3857428
2022-05-23,42911505,0.0,3875574
2022-05-24,42911505,0.0,3831278
2022-05-25,42911505,0.0,3765275
2022-05-26,42911505,0.0,3795696
2022-05-27,42911505,0.0,3857291
2022-05-30,42911505,0.0,3959214
2022-05-31,42911505,0.0,3966552
2022-06-01,42911505,0.0,3919450
2022-06-02,42911505,0.0,3910472
2022-06-03,42911505,0.0,3879409
2022-06-06,42911505,0.0,3864231
2022-06-07,42911505,0.0,3831260
2022-06-08,42911505,0.0,3847619
2022-06-09,42911505,0.0,3890913
2022-06-10,42911505,0.0,3813443
2022-06-13,42911505,0.0,3693844
2022-06-14,42911505,0.0,3693184
2022-06-15,42911505,0.0,3688242
2022-06-16,42911505,0.0,3599768
2022-06-17,42911505,0.0,4338877
2022-06-20,43097510,0.0,4353626
2022-06-21,43097510,0.0,3291073
2022-06-22,43097510,0.0,3231253
2022-06-23,43316349,0.0,3305590
2022-06-24,43316349,0.0,2496545
2022-06-27,43316349,0.0,2527367
2022-06-28,43316349,0.0,2531358
2022-06-29,43316349,0.0,2509058
2022-06-30,43316349,0.0,2482771
2022-07-01,43316349,0.0,3314748
2022-07-04,43316349,0.0,3324328
2022-07-05,43442937,0.0,3321041
2022-07-06,43442937,0.0,2543770
2022-07-07,43442937,0.0,2577394
2022-07-08,43228532,-0.4935,2580526
2022-07-11,43228532,-0.4935,1378055
2022-07-12,43228532,-0.4935,1866112
2022-07-13,43228532,-0.4935,1857545
2022-07-14,43228532,-0.4935,1828935
2022-07-15,43228532,-0.4935,1826442
2022-07-18,43228532,-0.4935,1870183
2022-07-19,43228532,-0.4935,1862359
2022-07-20,43228532,-0.4935,1904469
2022-07-21,43228532,-0.4935,1933115
2022-07-22,43228532,-0.4935,1941908
2022-07-25,43228532,-0.4935,1936668
2022-07-26,43228532,-0.4935,1901910
2022-07-27,43228532,-0.4935,1923511
2022-07-28,43228532,-0.4935,2834658
2022-07-29,43228532,-0.4935,2902168
2022-08-01,43228532,-0.4935,2903571
2022-08-02,43233451,-0.4822,2876443
2022-08-03,43233451,-0.4822,1999502
2022-08-04,43233451,-0.4822,2014856
2022-08-05,43233451,-0.4822,2034475
2022-08-08,43233451,-0.4822,4544730
2022-08-09,43233451,-0.4822,0
2022-08-10,43233451,-0.4822,4568004
2022-08-11,43238244,-0.4712,4579796
2022-08-12,43238244,-0.4712,4196034
2022-08-15,43238244,-0.4712,0
2022-08-16,43181575,-0.6016,5281416
2022-08-17,43181575,-0.6016,4780882
2022-08-18,43158648,-0.6544,4769308
2022-08-19,43158648,-0.6544,2131786
2022-08-22,42831229,-1.4081,2078735
2022-08-23,42831229,-1.4081,998607
2022-08-24,42831229,-1.4081,997245
2022-08-25,42831229,-1.4081,1000119
2022-08-26,42831229,-1.4081,976153
2022-08-29,42831229,-1.4081,964328
2022-08-30,42831229,-1.4081,2649957
2022-08-31,42831229,-1.4081,0
2022-09-01,42802179,-1.4749,2724980
2022-09-02,42802179,-1.4749,1687038
2022-09-05,42802179,-1.4749,1699169
2022-09-06,42802179,-1.4749,1700805
2022-09-07,42802179,-1.4749,1706475
2022-09-08,42802179,-1.4749,1722537
2022-09-09,42802179,-1.4749,1722869
2022-09-12,42802179,-1.4749,1804107
2022-09-13,42802179,-1.4749,1869187
2022-09-14,42802179,-1.4749,2964016
2022-09-15,42802179,-1.4749,3986636
2022-09-16,42802179,-1.4749,3831675
2022-09-19,42802179,-1.4749,3818676
2022-09-20,42802179,-1.4749,3910342
2022-09-21,42802179,-1.4749,3877839
2022-09-22,42802179,-1.4749,3897101
2022-09-23,43171452,-0.6249,3842538
2022-09-26,43171452,-0.6249,4453630
2022-09-27,43557419,0.0,4494359
2022-09-28,43557419,0.0,3905469
2022-09-29,43557419,0.0,3924279
2022-09-30,43557419,0.0,3969377
2022-10-03,43557419,0.0,3850983
2022-10-04,43557419,0.0,3935378
2022-10-05,43557419,0.0,0
2022-10-06,43744786,0.0,4098087
2022-10-07,43744786,0.0,3107552
2022-10-10,43744786,0.0,3095962
2022-10-11,43744786,0.0,2998642
2022-10-12,43744786,0.0,3015752
2022-10-13,43744786,0.0,2962879
2022-10-14,43744786,0.0,2969306
2022-10-17,43744786,0.0,2994719
2022-10-18,43744786,0.0,4083099
2022-10-19,43871534,0.0,5147179
2022-10-20,43871534,0.0,4687656
2022-10-21,43871534,0.0,4651646
2022-10-24,43871534,0.0,4680125
2022-10-25,43871534,0.0,4707572
2022-10-26,43871534,0.0,0
2022-10-27,44025899,0.0,4738830
2022-10-28,44025899,0.0,1084277
2022-10-31,44025899,0.0,1101572
2022-11-01,44025899,0.0,1110244
2022-11-02,44025899,0.0,1116637
2022-11-03,44025899,0.0,1094514
2022-11-04,44025899,0.0,1088869
2022-11-07,44248573,0.0,2834493
2022-11-08,44248573,0.0,0
2022-11-09,44248573,0.0,1723283
2022-11-10,44248573,0.0,3349364
2022-11-11,44248573,0.0,4741141
2022-11-14,44248573,0.0,4786133
2022-11-15,44618085,0.0,4769970
2022-11-16,44618085,0.0,4088759
2022-11-17,44618085,0.0,4045757
2022-11-18,44618085,0.0,3988764
2022-11-21,44618085,0.0,3953900
2022-11-22,44618085,0.0,4443102
2022-11-23,44618085,0.0,4454220
2022-11-24,44494037,-0.278,4456887
2022-11-25,44537054,-0.1816,3972999
2022-11-28,44537054,-0.1816,2974805
2022-11-29,44537054,-0.1816,2987998
2022-11-30,44537054,-0.1816,3019133
2022-12-01,44537054,-0.1816,3531750
2022-12-02,44537054,-0.1816,3541599
2022-12-05,44537054,-0.1816,3559301
2022-12-06,44537054,-0.1816,4533851
2022-12-07,44537054,-0.1816,4493919
2022-12-08,44537054,-0.1816,4515577
2022-12-09,44537054,-0.1816,4501279
2022-12-12,44537054,-0.1816,4475196
2022-12-13,44537054,-0.1816,4488082
2022-12-14,44652502,0.0,4530449
2022-12-15,44652502,0.0,3496110
2022-12-16,44652502,0.0,3431662
2022-12-19,44652502,0.0,3441326
2022-12-20,44652502,0.0,3429025
2022-12-21,44652502,0.0,3386918
2022-12-22,44652502,0.0,4346713
2022-12-23,44641282,-0.0251,5829541
2022-12-26,44641282,-0.0251,5446394
2022-12-27,45227201,0.0,5501760
2022-12-28,45227201,0.0,3932488
2022-12-29,45227201,0.0,3957922
2022-12-30,45645547,0.0,3951310
2023-01-02,45645547,0.0,2300149
2023-01-03,45645547,0.0,2294317
2023-01-04,45645547,0.0,2657216
2023-01-05,45629257,-0.0357,3169173
2023-01-06,45629257,-0.0357,3846395
2023-01-09,45629257,-0.0357,3885716
2023-01-10,45629257,-0.0357,3830048
2023-01-11,45629257,-0.0357,3830855
2023-01-12,45629257,-0.0357,4193159
2023-01-13,45629257,-0.0357,6612041
2023-01-16,45838096,0.0,6639775
2023-01-17,45836907,-0.0026,5604285
2023-01-18,45836907,-0.0026,5230133
2023-01-19,45420003,-0.9121,5201047
2023-01-20,45974124,0.0,3856755
2023-01-23,45974124,0.0,1453868
2023-01-24,46112104,0.0,1859895
2023-01-25,46167085,0.0,894409
2023-01-26,46167085,0.0,0
2023-01-27,46148763,-0.0397,1952359
2023-01-30,46148763,-0.0397,1555298
2023-01-31,46148763,-0.0397,4885866
2023-02-01,46148763,-0.0397,4848415
2023-02-02,46148763,-0.0397,7699938
2023-02-03,46148763,-0.0397,8026827
2023-02-06,46148763,-0.0397,8078026
2023-02-07,46120569,-0.1008,8024252
2023-02-08,46120569,-0.1008,7675719
2023-02-09,46120569,-0.1008,7731991
2023-02-10,46120569,-0.1008,8689603
2023-02-13,46120569,-0.1008,8600831
2023-02-14,46120569,-0.1008,8574657
2023-02-15,46470465,0.0,8714502
2023-02-16,46659058,0.0,5211735
2023-02-17,46659058,0.0,3500241
2023-02-20,46659058,0.0,3493054
2023-02-21,46659058,0.0,3513262
2023-02-22,46587550,-0.1533,4666862
2023-02-23,46587550,-0.1533,4981784
2023-02-24,46587550,-0.1533,4942100
2023-02-27,46587550,-0.1533,4884022
2023-02-28,46587550,-0.1533,4884695
2023-03-01,46587550,-0.1533,4893428
2023-03-02,46587550,-0.1533,4869626
2023-03-03,46587550,-0.1533,4880255
2023-03-06,46587550,-0.1533,4918923
2023-03-07,46587550,-0.1533,0
2023-03-08,46744080,0.0,4908481
2023-03-09,46772982,0.0,3682733
2023-03-10,46772982,0.0,3263826
2023-03-13,46772982,0.0,3220258
2023-03-14,46772982,0.0,3217630
2023-03-15,46772982,0.0,4350656
2023-03-16,46772982,0.0,4406842
2023-03-17,46772982,0.0,4402745
2023-03-20,46863603,0.0,4400186
2023-03-21,46863603,0.0,2050603
2023-03-22,46863603,0.0,2058675
2023-03-23,46863603,0.0,2053574
2023-03-24,46863603,0.0,4073243
2023-03-27,46863811,0.0,3991111
2023-03-28,46863811,0.0,1998514
2023-03-29,46863811,0.0,2042918
2023-03-30,46863811,0.0,0
2023-03-31,46863811,0.0,2514527
2023-04-03,46863811,0.0,2536307
2023-04-04,46863811,0.0,0
2023-04-05,46863811,0.0,2550900
2023-04-06,46863811,0.0,4879178
2023-04-07,46863811,0.0,0
2023-04-10,46863811,0.0,4875509
2023-04-11,46863811,0.0,4891672
2023-04-12,46863811,0.0,4909884
2023-04-13,46863811,0.0,4949274
2023-04-14,46863811,0.0,0
2023-04-17,47186285,0.0,4905914
2023-04-18,47186285,0.0,3788431
2023-04-19,47186285,0.0,3789948
2023-04-20,47373890,0.0,3771087
2023-04-21,47373890,0.0,1438710
2023-04-24,47508420,0.0,1453990
2023-04-25,47508420,0.0,998699
2023-04-26,47508420,0.0,1009224
2023-04-27,47508420,0.0,1014486
2023-04-28,47493613,-0.0312,2654658
2023-05-01,47493613,-0.0312,0
2023-05-02,47493613,-0.0312,3944670
2023-05-03,47493613,-0.0312,3990212
2023-05-04,47735657,0.0,3969193
2023-05-05,47735657,0.0,1636452
2023-05-08,47735657,0.0,2476888
2023-05-09,47735657,0.0,2491346
2023-05-10,47735657,0.0,2495532
2023-05-11,47735657,0.0,4812998
2023-05-12,47735657,0.0,4825270
2023-05-15,47735657,0.0,7881654
2023-05-16,47735657,0.0,7877093
2023-05-17,48278212,0.0,8243294
2023-05-18,48278212,0.0,6382600
2023-05-19,48278212,0.0,6369074
2023-05-22,48278212,0.0,6388581
2023-05-23,48278212,0.0,6423291
2023-05-24,49094041,0.0,6483670
2023-05-25,49094041,0.0,4814388
2023-05-26,49094041,0.0,4890371
2023-05-29,49140504,0.0,7154508
2023-05-30,49140504,0.0,6700604
2023-05-31,49140504,0.0,6671106
2023-06-01,49140504,0.0,6697660
2023-06-02,49140504,0.0,6714443
2023-06-05,49140504,0.0,6701659
2023-06-06,49140504,0.0,6755392
2023-06-07,49277316,0.0,6835961
2023-06-08,49277316,0.0,5624221
2023-06-09,49610494,0.0,5594738
2023-06-12,49610494,0.0,3162760
2023-06-13,49610494,0.0,3192870
2023-06-14,49610494,0.0,5202849
2023-06-15,49942816,0.0,5167130
2023-06-16,49942816,0.0,3187274
2023-06-19,49942816,0.0,3202126
2023-06-20,49942816,0.0,3211388
2023-06-21,49942816,0.0,3270993
2023-06-22,49942816,0.0,3229487
2023-06-23,49942816,0.0,3167574
2023-06-26,50341600,0.0,3212662
2023-06-27,50341600,0.0,883813
2023-06-28,50341600,0.0,886908
2023-06-29,50341600,0.0,0
2023-06-30,50341600,0.0,896033
2023-07-03,50341600,0.0,2851883
2023-07-04,50341600,0.0,2909037
2023-07-05,50341600,0.0,7756526
2023-07-06,49983752,-0.7108,7844798
2023-07-07,49983752,-0.7108,5808136
2023-07-10,49983752,-0.7108,5750962
2023-07-11,49983752,-0.7108,5811488
2023-07-12,50030869,-0.6172,5828766
2023-07-13,50030869,-0.6172,4828524
2023-07-14,50030869,-0.6172,6949114
2023-07-17,50308957,-0.0648,6962743
2023-07-18,50308957,-0.0648,4506917
2023-07-19,50308957,-0.0648,4507855
2023-07-20,50308957,-0.0648,4491960
2023-07-21,50308957,-0.0648,4430196
2023-07-24,50308957,-0.0648,6855785
2023-07-25,50308957,-0.0648,6861830
2023-07-26,50308957,-0.0648,6916093
2023-07-27,50482251,0.0,6907017
2023-07-28,50482251,0.0,5688721
2023-07-31,50482251,0.0,8197434
2023-08-01,50482251,0.0,8237852
2023-08-02,50482251,0.0,8135148
2023-08-03,50482251,0.0,8097094
2023-08-04,50482251,0.0,8193202
2023-08-07,50482251,0.0,8127407
2023-08-08,50482251,0.0,8128592
2023-08-09,51199866,0.0,9587854
2023-08-10,51199866,0.0,7060862
2023-08-11,51199866,0.0,6998864
2023-08-14,51199866,0.0,6994277
2023-08-15,51199866,0.0,0
2023-08-16,51199866,0.0,6981009
2023-08-17,51199866,0.0,6958930
2023-08-18,51199866,0.0,6958412
2023-08-21,51279096,0.0,7004920
2023-08-22,51279096,0.0,4935682
2023-08-23,51279096,0.0,4911610
2023-08-24,51641905,0.0,4959588
2023-08-25,51641905,0.0,3523240
2023-08-28,51641905,0.0,3515123
2023-08-29,51641905,0.0,3504168
2023-08-30,51641905,0.0,3539113
2023-08-31,51641905,0.0,3510480
2023-09-01,51641905,0.0,6402616
2023-09-04,51641905,0.0,6476867
2023-09-05,51641905,0.0,6533530
2023-09-06,51641905,0.0,6556513
2023-09-07,51641905,0.0,7166740
2023-09-08,51641905,0.0,7247412
2023-09-11,51641905,0.0,7446639
2023-09-12,51641905,0.0,7203482
2023-09-13,51719342,0.0,7204916
2023-09-14,51719342,0.0,6694868
2023-09-15,51719342,0.0,6659632
2023-09-18,51719342,0.0,6666730
2023-09-19,51719342,0.0,0
2023-09-20,52816651,0.0,8810747
2023-09-21,52816651,0.0,7133325
2023-09-22,52816651,0.0,7122825
2023-09-25,52681647,-0.2556,7133811
2023-09-26,52681647,-0.2556,4749475
2023-09-27,52681647,-0.2556,4761248
2023-09-28,52681647,-0.2556,4678452
2023-09-29,52681647,-0.2556,5628742
2023-10-02,52681647,-0.2556,0
2023-10-03,52845059,0.0,5641283
2023-10-04,52845059,0.0,4201847
2023-10-05,52702679,-0.2694,4185767
2023-10-06,52996069,0.0,3103205
2023-10-09,52996069,0.0,3337176
2023-10-10,53066412,0.0,3351129
2023-10-11,53066412,0.0,2384150
2023-10-12,53066412,0.0,2377901
2023-10-13,53066412,0.0,2378161
2023-10-16,53066412,0.0,2368878
2023-10-17,53066412,0.0,2375762
2023-10-18,53066412,0.0,2906860
2023-10-19,53066412,0.0,2884637
2023-10-20,52835958,-0.4343,2862144
2023-10-23,52898326,-0.3167,539596
2023-10-24,52898326,-0.3167,0
2023-10-25,52898326,-0.3167,0
2023-10-26,52898326,-0.3167,5677161
2023-10-27,52898326,-0.3167,5764689
2023-10-30,52898326,-0.3167,5784019
2023-10-31,52898326,-0.3167,5753879
2023-11-01,52898326,-0.3167,5690423
2023-11-02,52898326,-0.3167,5845286
2023-11-03,52898326,-0.3167,5871266
2023-11-06,53713308,0.0,5953997
2023-11-07,53713308,0.0,1348430
2023-11-08,53713308,0.0,1344405
2023-11-09,53713308,0.0,1335879
2023-11-10,53713308,0.0,1346761
2023-11-13,53713308,0.0,2596760
2023-11-14,53713308,0.0,0
2023-11-15,53713308,0.0,2703760
2023-11-16,53713308,0.0,6245579
2023-11-17,53661372,-0.0967,6302852
2023-11-20,53661372,-0.0967,5371374
2023-11-21,53661372,-0.0967,6021580
2023-11-22,53661372,-0.0967,5986163
2023-11-23,53661372,-0.0967,6048213
2023-11-24,53661372,-0.0967,6919241
2023-11-27,53661372,-0.0967,0
2023-11-28,53686748,-0.0494,7016401
2023-11-29,53686748,-0.0494,3405482
2023-11-30,53686748,-0.0494,5822827
2023-12-01,53686748,-0.0494,5839564
2023-12-04,53686748,-0.0494,9217194
2023-12-05,53686748,-0.0494,13004670
2023-12-06,54073198,0.0,13155342
2023-12-07,53185110,-1.6424,10514919
2023-12-08,53185110,-1.6424,5866899
2023-12-11,53493772,-1.0716,5881623
2023-12-12,53671136,-0.7436,3493265
2023-12-13,53671136,-0.7436,2061702
2023-12-14,53671136,-0.7436,6807738
2023-12-15,53324618,-1.3844,6783458
2023-12-18,53324618,-1.3844,3140025
2023-12-19,53324618,-1.3844,8389883
2023-12-20,53324618,-1.3844,8229930
2023-12-21,53324618,-1.3844,8241377
2023-12-22,53304286,-1.422,11796200
2023-12-25,53304286,-1.422,0
2023-12-26,53304286,-1.422,11238274
2023-12-27,53304286,-1.422,11307035
2023-12-28,53304286,-1.422,11412574
2023-12-29,53304286,-1.422,11471472
2024-01-01,53208118,-1.5998,11466559
2024-01-02,53208118,-1.5998,9842559
2024-01-03,53331482,-1.3717,9818674
2024-01-04,53516042,-1.0304,7080380
2024-01-05,53516042,-1.0304,4607535
2024-01-08,53516042,-1.0304,6023553
2024-01-09,54142329,0.0,7904880
2024-01-10,54142329,0.0,4129036
2024-01-11,54142329,0.0,4184274
2024-01-12,54372593,0.0,4167797
2024-01-15,54372593,0.0,3175317
2024-01-16,54372593,0.0,3165894
2024-01-17,54372593,0.0,3105709
2024-01-18,54372593,0.0,7489281
2024-01-19,54372593,0.0,9146339
2024-01-22,54372593,0.0,0
2024-01-23,53875097,-0.915,11051088
2024-01-24,53875097,-0.915,7052310
2024-01-25,53875097,-0.915,7362164
2024-01-26,53875097,-0.915,0
2024-01-29,53875097,-0.915,7384730
2024-01-30,53875097,-0.915,7383727
2024-01-31,53875097,-0.915,11801494
2024-02-01,54024618,-0.64,11761307
2024-02-02,53723592,-1.1936,10368249
2024-02-05,53723592,-1.1936,7322891
2024-02-06,53723592,-1.1936,7398860
2024-02-07,54182599,-0.3494,7393147
2024-02-08,54182599,-0.3494,5694620
2024-02-09,54182599,-0.3494,6187492
2024-02-12,54182599,-0.3494,6125779
2024-02-13,54722519,0.0,6184107
2024-02-14,54722519,0.0,4505545
2024-02-15,54722519,0.0,7441584
2024-02-16,54722519,0.0,7525162
2024-02-19,54722519,0.0,7478505
2024-02-20,54777027,0.0,8943303
2024-02-21,54777027,0.0,8498079
2024-02-22,54777027,0.0,8554310
2024-02-23,54777027,0.0,8524600
2024-02-26,54960473,0.0,8532105
2024-02-27,55162315,0.0,7400444
2024-02-28,55162315,0.0,5824891
2024-02-29,55162315,0.0,5851887
2024-03-01,55162315,0.0,5881399
2024-03-04,55556565,0.0,6381111
2024-03-05,55556565,0.0,4797825
2024-03-06,55556565,0.0,4808579
2024-03-07,55556565,0.0,6545998
2024-03-08,55556565,0.0,0
2024-03-11,55506363,-0.0904,6524156
2024-03-12,55506363,-0.0904,6020412
2024-03-13,55506363,-0.0904,5870154
2024-03-14,55506363,-0.0904,5946106
2024-03-15,55506363,-0.0904,5906016
2024-03-18,55506363,-0.0904,6349052
2024-03-19,55596616,0.0,6295817
2024-03-20,56196310,0.0,5766751
2024-03-21,56196310,0.0,4392836
2024-03-22,56196310,0.0,4390607
2024-03-25,56196310,0.0,0
2024-03-26,56196310,0.0,4382780
2024-03-27,56196310,0.0,7431747
2024-03-28,56196310,0.0,7429091
2024-03-29,56196310,0.0,0
2024-04-01,56196310,0.0,7544708
2024-04-02,56196310,0.0,7617126
2024-04-03,56196310,0.0,7561145
2024-04-04,56165722,-0.0544,7539656
2024-04-05,56165722,-0.0544,5380084
2024-04-08,56165722,-0.0544,11758295
2024-04-09,56165722,-0.0544,11796066
2024-04-10,56165722,-0.0544,11890159
2024-04-11,56165722,-0.0544,0
2024-04-12,57237601,0.0,11909335
2024-04-15,57237601,0.0,6824573
2024-04-16,57237601,0.0,6837505
2024-04-17,57237601,0.0,0
2024-04-18,59164095,0.0,6814937
2024-04-19,59164095,0.0,3674965
2024-04-22,59164095,0.0,3743484
2024-04-23,59164095,0.0,3804144
2024-04-24,59164095,0.0,3816530
2024-04-25,59164095,0.0,5071377
2024-04-26,59077790,-0.1459,6533084
2024-04-29,59077790,-0.1459,5328882
2024-04-30,59077790,-0.1459,5300094
2024-05-01,59077790,-0.1459,0
2024-05-02,59077790,-0.1459,7544299
2024-05-03,58628945,-0.9045,7966581
2024-05-06,59151058,-0.022,6680061
2024-05-07,59151058,-0.022,4884782
2024-05-08,59151058,-0.022,9573408
2024-05-09,59151058,-0.022,9335163
2024-05-10,60258365,0.0,10888040
2024-05-13,60258365,0.0,8002131
2024-05-14,60258365,0.0,8070804
2024-05-15,60258365,0.0,11365671
2024-05-16,60258365,0.0,11610542
2024-05-17,60258365,0.0,11789796
2024-05-20,60258365,0.0,0
2024-05-21,60258365,0.0,11815437
2024-05-22,60258365,0.0,11912237
2024-05-23,60258365,0.0,12093287
2024-05-24,60258365,0.0,12114489
2024-05-27,60798645,0.0,11742759
2024-05-28,60551446,-0.4066,10056771
2024-05-29,60551446,-0.4066,7594766
2024-05-30,60551446,-0.4066,7554687
2024-05-31,60551446,-0.4066,7560811
2024-06-03,61250634,0.0,7781369
2024-06-04,61250634,0.0,3563984
2024-06-05,61250634,0.0,6251260
2024-06-06,61250634,0.0,6337628
2024-06-07,61462686,0.0,6463793
2024-06-10,61462686,0.0,2232795
2024-06-11,61462686,0.0,2228534
2024-06-12,61462686,0.0,2239720
2024-06-13,61462686,0.0,2240746
2024-06-14,61462686,0.0,5159347
2024-06-17,61462686,0.0,0
2024-06-18,61462686,0.0,10623501
2024-06-19,61462686,0.0,10539385
2024-06-20,61462686,0.0,10594488
2024-06-21,60374673,-1.7702,10622294
2024-06-24,60374673,-1.7702,5980057
2024-06-25,60374673,-1.7702,5997347
2024-06-26,60374673,-1.7702,6011111
2024-06-27,60374673,-1.7702,6060124
2024-06-28,60374673,-1.7702,6042185
2024-07-01,60168290,-2.106,11631125
2024-07-02,60168290,-2.106,7291096
2024-07-03,60168290,-2.106,7322319
2024-07-04,60168290,-2.106,7312895
2024-07-05,60168290,-2.106,7342642
2024-07-08,60168290,-2.106,9051426
2024-07-09,60168290,-2.106,8984271
2024-07-10,60029026,-2.3326,12942836
2024-07-11,61132620,-0.537,11152851
2024-07-12,61132620,-0.537,5244322
2024-07-15,61984085,0.0,5198716
2024-07-16,61984085,0.0,4091921
2024-07-17,61984085,0.0,0
2024-07-18,61984085,0.0,4121667
2024-07-19,61984085,0.0,9816754
2024-07-22,61984085,0.0,9906875
2024-07-23,61984085,0.0,9868868
2024-07-24,61984085,0.0,9768228
2024-07-25,61984085,0.0,9738234
2024-07-26,63381035,0.0,9975529
2024-07-29,63381035,0.0,4643137
2024-07-30,63381035,0.0,4616968
2024-07-31,63381035,0.0,8645676
2024-08-01,63381035,0.0,8624378
2024-08-02,63381035,0.0,8415241
2024-08-05,63408187,0.0,8204460
2024-08-06,63408187,0.0,7758304
2024-08-07,63408187,0.0,7851691
2024-08-08,63408187,0.0,7813445
2024-08-09,63408187,0.0,7791749
2024-08-12,63408187,0.0,7831282
2024-08-13,63408187,0.0,12736206
2024-08-14,63408187,0.0,12534231
2024-08-15,63408187,0.0,0
2024-08-16,63408187,0.0,12819463
2024-08-19,63408187,0.0,13428140
2024-08-20,63408187,0.0,13639458
2024-08-21,63544437,0.0,13724835
2024-08-22,63544437,0.0,12375808
2024-08-23,63544437,0.0,12206104
2024-08-26,63544437,0.0,13319376
2024-08-27,63818751,0.0,13435686
2024-08-28,63144698,-1.0562,8781977
2024-08-29,63144698,-1.0562,0
2024-08-30,63144698,-1.0562,0
2024-09-02,63144698,-1.0562,0
2024-09-03,63144698,-1.0562,1013690
2024-09-04,63126397,-1.0849,1011163
2024-09-05,63126397,-1.0849,0
2024-09-06,63126397,-1.0849,0
2024-09-09,63126397,-1.0849,0
2024-09-10,63126397,-1.0849,0
2024-09-11,63126397,-1.0849,1004762
2024-09-12,63126397,-1.0849,1013627
2024-09-13,63082246,-1.1541,1039852
2024-09-16,63082246,-1.1541,0
2024-09-17,63082246,-1.1541,0
2024-09-18,63082246,-1.1541,0
2024-09-19,63082246,-1.1541,546682
2024-09-20,63082246,-1.1541,1593424
2024-09-23,63082246,-1.1541,4543482
2024-09-24,63082246,-1.1541,10350191
2024-09-25,62734896,-1.6983,14457776
2024-09-26,62734896,-1.6983,11684972
2024-09-27,60614302,-5.0212,11619180
2024-09-30,61918614,-2.9774,5884390
2024-10-01,61918614,-2.9774,1616788
2024-10-02,61918614,-2.9774,0
2024-10-03,61918614,-2.9774,4284829
2024-10-04,61918614,-2.9774,4212331
2024-10-07,61918614,-2.9774,4208486
2024-10-08,61918614,-2.9774,4179129
2024-10-09,61918614,-2.9774,4177930
2024-10-10,61918614,-2.9774,4175048
2024-10-11,61809114,-3.149,8298233
2024-10-14,61809114,-3.149,7793443
2024-10-15,61123716,-4.223,9774660
2024-10-16,61123716,-4.223,2839972
2024-10-17,61123716,-4.223,2787806
2024-10-18,61123716,-4.223,3363434
2024-10-21,61123716,-4.223,4715544
2024-10-22,61123716,-4.223,8676535
2024-10-23,61123716,-4.223,8676058
2024-10-24,61123716,-4.223,11092537
2024-10-25,61123716,-4.223,10959838
2024-10-28,61864655,-3.0619,11076619
2024-10-29,61864655,-3.0619,9312093
2024-10-30,61864655,-3.0619,9286860
2024-10-31,61864655,-3.0619,9265971
2024-11-01,61864655,-3.0619,0
2024-11-04,61864655,-3.0619,9173653
2024-11-05,61864655,-3.0619,9336289
2024-11-06,61864655,-3.0619,9376472
2024-11-07,61864655,-3.0619,9249059
2024-11-08,61864655,-3.0619,9193789
2024-11-11,61864655,-3.0619,9137772
2024-11-12,61864655,-3.0619,14406209
2024-11-13,61864655,-3.0619,14141330
2024-11-14,61864655,-3.0619,14207987
2024-11-15,61864655,-3.0619,0
2024-11-18,61864655,-3.0619,14102132
2024-11-19,62088868,-2.7106,15952947
2024-11-20,62088868,-2.7106,0
2024-11-21,62088868,-2.7106,15055061
2024-11-22,62088868,-2.7106,15163528
2024-11-25,62166583,-2.5888,15268160
2024-11-26,62166583,-2.5888,14621594
2024-11-27,62166583,-2.5888,14777080
2024-11-28,62166583,-2.5888,14734144
2024-11-29,65042596,0.0,14684197
2024-12-02,65042596,0.0,5621588
2024-12-03,65042596,0.0,5654612
2024-12-04,65042596,0.0,5800388
2024-12-05,65042596,0.0,5787670
2024-12-06,65042596,0.0,5802395
2024-12-09,65042596,0.0,5763295
2024-12-10,65042596,0.0,5760733
2024-12-11,65042596,0.0,5698205
2024-12-12,65042596,0.0,5692248
2024-12-13,65042596,0.0,5696026
2024-12-16,65042596,0.0,5907477
2024-12-17,65042596,0.0,5967020
2024-12-18,65042596,0.0,5916729
2024-12-19,65042596,0.0,5934779
2024-12-20,65042596,0.0,5779359
2024-12-23,65042596,0.0,5818015
2024-12-24,65042596,0.0,5850775
2024-12-25,65042596,0.0,0
2024-12-26,65042596,0.0,5855632
2024-12-27,65042596,0.0,5867234
2024-12-30,65042596,0.0,5756964
2024-12-31,65042596,0.0,5847612
2025-01-01,63088581,-3.0042,10428858
2025-01-02,63088581,-3.0042,7969566
2025-01-03,63020883,-3.1083,7961100
2025-01-06,63273147,-2.7204,5965112
2025-01-07,63273147,-2.7204,2828223
2025-01-08,63273147,-2.7204,2828821
2025-01-09,63273147,-2.7204,2777806
2025-01-10,63273147,-2.7204,4639418
2025-01-13,63359712,-2.5874,4476652
2025-01-14,63359712,-2.5874,3926702
2025-01-15,63359712,-2.5874,3964968
2025-01-16,63359712,-2.5874,6300589
2025-01-17,63359712,-2.5874,6288333
2025-01-20,63359712,-2.5874,6276154
2025-01-21,63482466,-2.3986,6195046
2025-01-22,64415520,-0.9641,4452189
2025-01-23,64415520,-0.9641,2308033
2025-01-24,64415520,-0.9641,2326786
2025-01-27,64415520,-0.9641,2336630
2025-01-28,64415520,-0.9641,2334550
2025-01-29,64415520,-0.9641,4183236
2025-01-30,64415520,-0.9641,4245362
2025-01-31,64671376,-0.5707,4251466
2025-02-03,64648418,-0.606,1984888
2025-02-04,64648418,-0.606,0
2025-02-05,64648418,-0.606,0
2025-02-06,64648418,-0.606,0
2025-02-07,64648418,-0.606,2331123
2025-02-10,64648418,-0.606,4256650
2025-02-11,64991260,-0.0789,4122334
2025-02-12,64991260,-0.0789,2313948
2025-02-13,64991260,-0.0789,2292933
2025-02-14,64991260,-0.0789,2293470
2025-02-17,64991260,-0.0789,2298252
2025-02-18,64991260,-0.0789,2273035
2025-02-19,64991260,-0.0789,2226860
2025-02-20,64991260,-0.0789,2741182
2025-02-21,64991260,-0.0789,2728386
2025-02-24,64991260,-0.0789,2707586
2025-02-25,64991260,-0.0789,4733761
2025-02-26,64991260,-0.0789,0
2025-02-27,64991260,-0.0789,4683816
2025-02-28,64715077,-0.5035,4541380
2025-03-03,64715077,-0.5035,2633885
2025-03-04,64715077,-0.5035,2596316
2025-03-05,64715077,-0.5035,2624027
2025-03-06,64715077,-0.5035,2665991
2025-03-07,64756398,-0.44,4606503
2025-03-10,64952234,-0.1389,4123732
2025-03-11,64952234,-0.1389,1939591
2025-03-12,64914695,-0.1966,1876638
2025-03-13,64914695,-0.1966,0
2025-03-14,64914695,-0.1966,0
2025-03-17,64914695,-0.1966,0
2025-03-18,64914695,-0.1966,0
2025-03-19,64914695,-0.1966,0
2025-03-20,64914695,-0.1966,3714598
2025-03-21,64914695,-0.1966,3777252
2025-03-24,64914695,-0.1966,5399550
2025-03-25,64914695,-0.1966,5411711
2025-03-26,64914695,-0.1966,5370668
2025-03-27,64914695,-0.1966,7636259
2025-03-28,65057556,0.0,7617078
2025-03-31,65057556,0.0,0
2025-04-01,65057556,0.0,5303842
2025-04-02,65057556,0.0,5357412
2025-04-03,65057556,0.0,9592722
2025-04-04,65057556,0.0,9308606
2025-04-07,65347660,0.0,11100968
2025-04-08,65347660,0.0,3821063
2025-04-09,65347660,0.0,3806798
2025-04-10,65347660,0.0,0
2025-04-11,65347660,0.0,3813930
2025-04-14,65347660,0.0,0
2025-04-15,65347660,0.0,3879008
2025-04-16,65347660,0.0,11706867
2025-04-17,65347660,0.0,11803173
2025-04-18,65347660,0.0,0
2025-04-21,65347660,0.0,12055135
2025-04-22,65347660,0.0,12041326
2025-04-23,64809199,-0.824,12173103
2025-04-24,64809199,-0.824,7767122
2025-04-25,64809199,-0.824,7736970
2025-04-28,64809199,-0.824,7770902
2025-04-29,64809199,-0.824,7764092
2025-04-30,65394515,0.0,7743046
2025-05-01,65394515,0.0,0
2025-05-02,65810654,0.0,5795645
2025-05-05,65548886,-0.3978,7978154
2025-05-06,65548886,-0.3978,6265388
2025-05-07,65548886,-0.3978,6292083
2025-05-08,65548886,-0.3978,6159880
2025-05-09,65548886,-0.3978,6163904
2025-05-12,65548886,-0.3978,6423181
2025-05-13,65548886,-0.3978,6365398
2025-05-14,65548886,-0.3978,6405143
2025-05-15,65548886,-0.3978,6449985
2025-05-16,65548886,-0.3978,6581531
2025-05-19,65548886,-0.3978,6665096
2025-05-20,65548886,-0.3978,6536986
2025-05-21,65548886,-0.3978,6574018
2025-05-22,65671030,-0.2122,6498016
2025-05-23,65671030,-0.2122,4322076
2025-05-26,65671030,-0.2122,4355802
2025-05-27,65671030,-0.2122,4330080
2025-05-28,65671030,-0.2122,4288728
2025-05-29,65671030,-0.2122,4317882
2025-05-30,65671030,-0.2122,4237992
2025-06-02,65671030,-0.2122,4297113
2025-06-03,65671030,-0.2122,4272150
2025-06-04,65671030,-0.2122,4328766
2025-06-05,65671030,-0.2122,6456045
2025-06-06,65671030,-0.2122,6558138
2025-06-09,65671030,-0.2122,6654597
2025-06-10,65671030,-0.2122,8996566
2025-06-11,65671030,-0.2122,8990768
2025-06-12,65551962,-0.3931,8788050
2025-06-13,65897668,0.0,6566379
2025-06-16,65897668,0.0,4373805
2025-06-17,65897668,0.0,4309428
2025-06-18,65897668,0.0,4294338
2025-06-19,66025868,0.0,4149228
2025-06-20,66025868,0.0,0
2025-06-23,66025868,0.0,0
2025-06-24,66025868,0.0,0
2025-06-25,66025868,0.0,0
2025-06-26,66025868,0.0,0
2025-06-27,66025868,0.0,0
2025-06-30,66025868,0.0,0
2025-07-01,66025868,0.0,0
2025-07-02,66025868,0.0,0
2025-07-03,66025868,0.0,0
2025-07-04,66025868,0.0,0
2025-07-07,66025868,0.0,4591073
2025-07-08,66025868,0.0,4600370
2025-07-09,66025868,0.0,5054324
2025-07-10,66173510,0.0,5014778
2025-07-11,66173510,0.0,2647905
2025-07-14,66173510,0.0,2632054
2025-07-15,66173510,0.0,2653311
2025-07-16,66173510,0.0,2665591
2025-07-17,66173510,0.0,2614099
2025-07-18,66173510,0.0,2604386
2025-07-21,66173510,0.0,2602965
2025-07-22,66173510,0.0,2604896
2025-07-23,66173510,0.0,2590020
2025-07-24,66173510,0.0,2456800
2025-07-25,66173510,0.0,2434516
2025-07-28,66173510,0.0,2438522
2025-07-29,66173510,0.0,2439106
2025-07-30,66173510,0.0,2457060
2025-07-31,66173510,0.0,2458882
2025-08-01,66173510,0.0,2407702
2025-08-04,66173510,0.0,6864160
2025-08-05,66127738,-0.0692,6829245
2025-08-06,66127738,-0.0692,4753660
2025-08-07,66127738,-0.0692,4819558
2025-08-08,66127738,-0.0692,4726742
2025-08-11,66127738,-0.0692,4737206
2025-08-12,66800260,0.0,9092696
2025-08-13,66800260,0.0,7113074
2025-08-14,66800260,0.0,7065212
2025-08-15,66800260,0.0,0
2025-08-18,66800260,0.0,7181165
2025-08-19,66800260,0.0,7216278
2025-08-20,66800260,0.0,7287932
2025-08-21,66800260,0.0,7171144
2025-08-22,66800260,0.0,7134422
2025-08-25,66800260,0.0,7152524
2025-08-26,66800260,0.0,7131122
2025-08-27,66800260,0.0,0
2025-08-28,66800260,0.0,6990110
2025-08-29,66800260,0.0,6980784
2025-09-01,66800260,0.0,9454506
2025-09-02,66800260,0.0,9612294
2025-09-03,66800260,0.0,9616062
2025-09-04,67084571,0.0,9596984
2025-09-05,67084571,0.0,7136150
2025-09-08,67084571,0.0,7221837
2025-09-09,67084571,0.0,7246479
2025-09-10,67084571,0.0,7265824
2025-09-11,67084571,0.0,7284303
2025-09-12,67084571,0.0,7306274
2025-09-15,67084571,0.0,7321168
2025-09-16,67330174,0.0,7439410
2025-09-17,67330174,0.0,2970554
2025-09-18,67330174,0.0,2991912
2025-09-19,67330174,0.0,3002030
2025-09-22,67330174,0.0,2979284
2025-09-23,67330174,0.0,2978826
2025-09-24,67330174,0.0,2967166
2025-09-25,67330174,0.0,4176261
2025-09-26,67330174,0.0,4158125
2025-09-29,67330174,0.0,4159691
2025-09-30,67330174,0.0,6476572
2025-10-01,67330174,0.0,6488176
2025-10-02,67330174,0.0,0
2025-10-03,67330174,0.0,8406557
2025-10-06,67330174,0.0,8495731
2025-10-07,67330174,0.0,8519692
2025-10-08,67330174,0.0,8484517
2025-10-09,67330174,0.0,8524608
2025-10-10,67330174,0.0,8551904
2025-10-13,67336851,0.0,8532286
2025-10-14,67336851,0.0,6210379
2025-10-15,66938451,-0.5917,6304550
2025-10-16,66938451,-0.5917,3739950
2025-10-17,66938451,-0.5917,3711904
2025-10-20,66866730,-0.6982,3750095
2025-10-21,66866730,-0.6982,2430150
2025-10-22,66866730,-0.6982,0
2025-10-23,66866730,-0.6982,2472352
2025-10-24,66866730,-0.6982,2462208
2025-10-27,66866730,-0.6982,2509014
2025-10-28,66866730,-0.6982,2482370
2025-10-29,66866730,-0.6982,7022493
2025-10-30,66866730,-0.6982,7005884
2025-10-31,66854039,-0.717,6912556
2025-11-03,66854039,-0.717,6559752
2025-11-04,66854039,-0.717,8797848
2025-11-05,66854039,-0.717,0
2025-11-06,67126610,-0.3122,8718099
2025-11-07,67126610,-0.3122,4325678
2025-11-10,67126610,-0.3122,4330404
2025-11-11,67126610,-0.3122,4378834
2025-11-12,67126610,-0.3122,4434247
2025-11-13,67126610,-0.3122,4415703
2025-11-14,67126610,-0.3122,4419508
2025-11-17,67126610,-0.3122,4424000
2025-11-18,67126610,-0.3122,4365235
2025-11-19,67126610,-0.3122,4440016
2025-11-20,67126610,-0.3122,7051782
2025-11-21,67126610,-0.3122,6994473
2025-11-24,67126610,-0.3122,7035894
2025-11-25,67126610,-0.3122,7039118
2025-11-26,67126610,-0.3122,7120375
2025-11-27,67126610,-0.3122,7104966
2025-11-28,67126610,-0.3122,7129419
2025-12-01,67473606,0.0,7180893
2025-12-02,67473606,0.0,4526688
2025-12-03,67473606,0.0,4514188
2025-12-04,67473606,0.0,4575953
2025-12-05,67473606,0.0,4552084
2025-12-08,67121062,-0.5225,4528972
2025-12-09,67121062,-0.5225,2268516
2025-12-10,67121062,-0.5225,2254875
2025-12-11,67121062,-0.5225,2264503
2025-12-12,67121062,-0.5225,2223900
2025-12-15,67121062,-0.5225,2241038
2025-12-16,67121062,-0.5225,2235442
2025-12-17,67121062,-0.5225,2225691
2025-12-18,67121062,-0.5225,2221718
2025-12-19,67121062,-0.5225,2231184
2025-12-22,67121062,-0.5225,2232099
2025-12-23,67121062,-0.5225,4423851
2025-12-24,67121062,-0.5225,4388212
2025-12-25,67121062,-0.5225,0
2025-12-26,67121062,-0.5225,4335255
2025-12-29,67121062,-0.5225,6995782
2025-12-30,67451367,-0.033,6984238
2025-12-31,67451367,-0.033,4361551
2026-01-01,67451367,-0.033,4366023
2026-01-02,67451367,-0.033,7716562
2026-01-05,67326409,-0.2182,7735286
2026-01-06,67326409,-0.2182,5361186
2026-01-07,67326409,-0.2182,6973124
2026-01-08,67326409,-0.2182,11046117
2026-01-09,67125583,-0.5158,10919381
2026-01-12,67125583,-0.5158,6850003
2026-01-13,67125583,-0.5158,6834070
2026-01-14,67125583,-0.5158,6760647
2026-01-15,67125583,-0.5158,0
2026-01-16,67125583,-0.5158,7306720
2026-01-19,66525366,-1.4053,11332391
2026-01-20,66617226,-1.2692,8414684
2026-01-21,66617226,-1.2692,1543443
2026-01-22,66617226,-1.2692,1555347
2026-01-23,66617226,-1.2692,1545105
2026-01-26,66617226,-1.2692,0
2026-01-27,66617226,-1.2692,1973306
2026-01-28,66617226,-1.2692,4641783
2026-01-29,66617226,-1.2692,4612760
2026-01-30,66617226,-1.2692,4609876
2026-02-02,66617226,-1.2692,4574823
2026-02-03,66668742,-1.1929,4682359
2026-02-04,66940953,-0.7894,4247230
2026-02-05,66940953,-0.7894,1549172
2026-02-06,66940953,-0.7894,3888621
2026-02-09,66940953,-0.7894,3911869
2026-02-10,66940953,-0.7894,3931212
2026-02-11,66940953,-0.7894,4336742
2026-02-12,67171037,-0.4484,4273113
2026-02-13,67171037,-0.4484,4810066
2026-02-16,67171037,-0.4484,4806458
2026-02-17,67171037,-0.4484,4831738
2026-02-18,67171037,-0.4484,4829873
2026-02-19,67171037,-0.4484,4760496
2026-02-20,67171037,-0.4484,4768215
2026-02-23,67171037,-0.4484,4818368
2026-02-24,67171037,-0.4484,4765564
2026-02-25,67171037,-0.4484,4817530
2026-02-26,67171037,-0.4484,4855382
2026-02-27,67171037,-0.4484,4760260
2026-03-02,67171037,-0.4484,5862806
2026-03-03,67171037,-0.4484,0
2026-03-04,67176123,-0.4409,5752157
2026-03-05,67176123,-0.4409,4655970
2026-03-06,67176123,-0.4409,4595973
2026-03-09,67792849,0.0,4432947
2026-03-10,67792849,0.0,3930636
2026-03-11,67792849,0.0,4945087
2026-03-12,67860042,0.0,4866227
2026-03-13,68212851,0.0,3769704
2026-03-16,68212851,0.0,330210
2026-03-17,68212851,0.0,328178
2026-03-18,68212851,0.0,335650
2026-03-19,68212851,0.0,1359759
2026-03-20,68223123,0.0,1360438
2026-03-23,68223123,0.0,329805
2026-03-24,68223123,0.0,334881
2026-03-25,68223123,0.0,2348056
2026-03-26,68223123,0.0,0
2026-03-27,68223123,0.0,2289255
2026-03-30,68223123,0.0,3240245
2026-03-31,68223123,0.0,0
2026-04-01,68223123,0.0,3277346
2026-04-02,68118494,-0.1534,3297161
2026-04-03,68118494,-0.1534,0
2026-04-06,68118494,-0.1534,2825589
2026-04-07,68118494,-0.1534,5608159
2026-04-08,67867944,-0.5206,5933203
2026-04-09,67849301,-0.5479,3019756
2026-04-10,67849301,-0.5479,7041945
2026-04-13,67849301,-0.5479,7097000
2026-04-14,67849301,-0.5479,0
2026-04-15,67849301,-0.5479,7251192
2026-04-16,67849301,-0.5479,10336473
2026-04-17,67849301,-0.5479,12456068
2026-04-20,67849301,-0.5479,12514497
2026-04-21,67849301,-0.5479,12676926
2026-04-22,68820387,0.0,12755492
2026-04-23,68820387,0.0,5261109
2026-04-24,68820387,0.0,5196366
2026-04-27,68820387,0.0,5253294
2026-04-28,68820387,0.0,5562185
2026-04-29,68820387,0.0,6677204
2026-04-30,68745907,-0.1082,6567087
2026-05-01,68745907,-0.1082,0
2026-05-04,68745907,-0.1082,8156747
2026-05-05,68745907,-0.1082,8185821
2026-05-06,68745907,-0.1082,8265820
2026-05-07,69446692,0.0,8217370
2026-05-08,69446692,0.0,3368246
2026-05-11,69446692,0.0,3265749
2026-05-12,69501052,0.0,3199651
2026-05-13,69501052,0.0,4165593
2026-05-14,69501052,0.0,4223536
2026-05-15,69501052,0.0,4193985
2026-05-18,69501052,0.0,6626007
2026-05-19,69501052,0.0,6611604
2026-05-20,69501052,0.0,6672340
2026-05-21,69501052,0.0,11255160
2026-05-22,69303688,-0.284,11333853
2026-05-25,69303688,-0.284,6936187
2026-05-26,69303688,-0.284,6904340
2026-05-27,69303688,-0.284,6861052
2026-05-28,69303688,-0.284,0
2026-05-29,69303688,-0.284,6757577
2026-06-01,69303688,-0.284,11440695
2026-06-02,68940649,-0.8063,11491423
2026-06-03,68940649,-0.8063,6985422
2026-06-04,68940649,-0.8063,6984293
2026-06-05,68940649,-0.8063,6968354
2026-06-08,68940649,-0.8063,6867332
2026-06-09,68940649,-0.8063,11577855
2026-06-10,68940649,-0.8063,11491720
2026-06-11,68940649,-0.8063,11414147
2026-06-12,68940649,-0.8063,12694541
2026-06-15,68251096,-1.7985,12983890
